data_location_id,Depth_m,value_type,unit,value
CPT1,0.0,fs,MPa,0.0
CPT1,0.0,qc,MPa,0.0
CPT1,0.01,fs,MPa,0.0
CPT1,0.01,qc,MPa,0.0
CPT1,0.02,fs,MPa,0.0
CPT1,0.02,qc,MPa,0.002
CPT1,0.03,fs,MPa,0.0001
CPT1,0.03,qc,MPa,0.004
CPT1,0.04,fs,MPa,0.0002
CPT1,0.04,qc,MPa,0.0199
CPT1,0.05,fs,MPa,0.0003
CPT1,0.05,qc,MPa,0.0398
CPT1,0.06,fs,MPa,0.0006
CPT1,0.06,qc,MPa,0.0716
CPT1,0.07,fs,MPa,0.0013
CPT1,0.07,qc,MPa,0.1392
CPT1,0.08,fs,MPa,0.0018
CPT1,0.08,qc,MPa,0.1671
CPT1,0.09,fs,MPa,0.002
CPT1,0.09,qc,MPa,0.1909
CPT1,0.1,fs,MPa,0.0019
CPT1,0.1,qc,MPa,0.2228
CPT1,0.11,fs,MPa,0.0025
CPT1,0.11,qc,MPa,0.2586
CPT1,0.12,fs,MPa,0.0026
CPT1,0.12,qc,MPa,0.3421
CPT1,0.13,fs,MPa,0.0027
CPT1,0.13,qc,MPa,0.3819
CPT1,0.14,fs,MPa,0.0028
CPT1,0.14,qc,MPa,0.4256
CPT1,0.15,fs,MPa,0.003
CPT1,0.15,qc,MPa,0.4654
CPT1,0.16,fs,MPa,0.0032
CPT1,0.16,qc,MPa,0.5211
CPT1,0.17,fs,MPa,0.0033
CPT1,0.17,qc,MPa,0.5927
CPT1,0.18,fs,MPa,0.0034
CPT1,0.18,qc,MPa,0.7041
CPT1,0.19,fs,MPa,0.0033
CPT1,0.19,qc,MPa,0.8473
CPT1,0.2,fs,MPa,0.0033
CPT1,0.2,qc,MPa,0.9825
CPT1,0.21,fs,MPa,0.0033
CPT1,0.21,qc,MPa,1.1257
CPT1,0.22,fs,MPa,0.0031
CPT1,0.22,qc,MPa,1.2609
CPT1,0.23,fs,MPa,0.0026
CPT1,0.23,qc,MPa,1.3803
CPT1,0.24,fs,MPa,0.0026
CPT1,0.24,qc,MPa,1.4916
CPT1,0.25,fs,MPa,0.0025
CPT1,0.25,qc,MPa,1.6189
CPT1,0.26,fs,MPa,0.0027
CPT1,0.26,qc,MPa,1.8815
CPT1,0.27,fs,MPa,0.0029
CPT1,0.27,qc,MPa,1.9968
CPT1,0.28,fs,MPa,0.0036
CPT1,0.28,qc,MPa,2.1201
CPT1,0.29,fs,MPa,0.0042
CPT1,0.29,qc,MPa,2.2554
CPT1,0.3,fs,MPa,0.0047
CPT1,0.3,qc,MPa,2.3707
CPT1,0.31,fs,MPa,0.0051
CPT1,0.31,qc,MPa,2.4861
CPT1,0.32,fs,MPa,0.0055
CPT1,0.32,qc,MPa,2.6094
CPT1,0.33,fs,MPa,0.0052
CPT1,0.33,qc,MPa,2.852
CPT1,0.34,fs,MPa,0.0075
CPT1,0.34,qc,MPa,2.9873
CPT1,0.35,fs,MPa,0.0081
CPT1,0.35,qc,MPa,3.1464
CPT1,0.36,fs,MPa,0.0087
CPT1,0.36,qc,MPa,3.2896
CPT1,0.37,fs,MPa,0.0083
CPT1,0.37,qc,MPa,3.5084
CPT1,0.38,fs,MPa,0.0103
CPT1,0.38,qc,MPa,3.9379
CPT1,0.39,fs,MPa,0.0104
CPT1,0.39,qc,MPa,4.1607
CPT1,0.4,fs,MPa,0.0105
CPT1,0.4,qc,MPa,4.3874
CPT1,0.41,fs,MPa,0.0106
CPT1,0.41,qc,MPa,4.7693
CPT1,0.42,fs,MPa,0.0107
CPT1,0.42,qc,MPa,4.9125
CPT1,0.43,fs,MPa,0.0119
CPT1,0.43,qc,MPa,5.1074
CPT1,0.44,fs,MPa,0.0121
CPT1,0.44,qc,MPa,5.4177
CPT1,0.45,fs,MPa,0.0121
CPT1,0.45,qc,MPa,5.529
CPT1,0.46,fs,MPa,0.0121
CPT1,0.46,qc,MPa,5.7478
CPT1,0.47,fs,MPa,0.0122
CPT1,0.47,qc,MPa,5.9825
CPT1,0.48,fs,MPa,0.0123
CPT1,0.48,qc,MPa,5.9785
CPT1,0.49,fs,MPa,0.0125
CPT1,0.49,qc,MPa,6.245
CPT1,0.5,fs,MPa,0.0148
CPT1,0.5,qc,MPa,6.3206
CPT1,0.51,fs,MPa,0.0153
CPT1,0.51,qc,MPa,6.4002
CPT1,0.52,fs,MPa,0.0162
CPT1,0.52,qc,MPa,6.5036
CPT1,0.53,fs,MPa,0.0165
CPT1,0.53,qc,MPa,6.5632
CPT1,0.54,fs,MPa,0.0166
CPT1,0.54,qc,MPa,6.7025
CPT1,0.55,fs,MPa,0.0167
CPT1,0.55,qc,MPa,6.794
CPT1,0.56,fs,MPa,0.0167
CPT1,0.56,qc,MPa,7.0048
CPT1,0.57,fs,MPa,0.0167
CPT1,0.57,qc,MPa,7.1321
CPT1,0.58,fs,MPa,0.0168
CPT1,0.58,qc,MPa,7.3031
CPT1,0.59,fs,MPa,0.0171
CPT1,0.59,qc,MPa,7.8043
CPT1,0.6,fs,MPa,0.0194
CPT1,0.6,qc,MPa,8.0549
CPT1,0.61,fs,MPa,0.0172
CPT1,0.61,qc,MPa,8.5879
CPT1,0.62,fs,MPa,0.0206
CPT1,0.62,qc,MPa,8.922
CPT1,0.63,fs,MPa,0.0207
CPT1,0.63,qc,MPa,9.5187
CPT1,0.64,fs,MPa,0.0207
CPT1,0.64,qc,MPa,9.7494
CPT1,0.65,fs,MPa,0.0225
CPT1,0.65,qc,MPa,10.178
CPT1,0.66,fs,MPa,0.023
CPT1,0.66,qc,MPa,10.312
CPT1,0.67,fs,MPa,0.0236
CPT1,0.67,qc,MPa,10.38
CPT1,0.68,fs,MPa,0.0231
CPT1,0.68,qc,MPa,10.502
CPT1,0.69,fs,MPa,0.0239
CPT1,0.69,qc,MPa,10.518
CPT1,0.7,fs,MPa,0.0247
CPT1,0.7,qc,MPa,10.621
CPT1,0.71,fs,MPa,0.0259
CPT1,0.71,qc,MPa,10.66
CPT1,0.72,fs,MPa,0.0271
CPT1,0.72,qc,MPa,10.664
CPT1,0.73,fs,MPa,0.0271
CPT1,0.73,qc,MPa,10.763
CPT1,0.74,fs,MPa,0.0271
CPT1,0.74,qc,MPa,10.819
CPT1,0.75,fs,MPa,0.0277
CPT1,0.75,qc,MPa,10.992
CPT1,0.76,fs,MPa,0.0316
CPT1,0.76,qc,MPa,11.38
CPT1,0.77,fs,MPa,0.0307
CPT1,0.77,qc,MPa,11.645
CPT1,0.78,fs,MPa,0.0323
CPT1,0.78,qc,MPa,11.93
CPT1,0.79,fs,MPa,0.0338
CPT1,0.79,qc,MPa,12.258
CPT1,0.8,fs,MPa,0.0357
CPT1,0.8,qc,MPa,12.57
CPT1,0.81,fs,MPa,0.0367
CPT1,0.81,qc,MPa,12.863
CPT1,0.82,fs,MPa,0.0389
CPT1,0.82,qc,MPa,13.349
CPT1,0.83,fs,MPa,0.0397
CPT1,0.83,qc,MPa,13.48
CPT1,0.84,fs,MPa,0.0406
CPT1,0.84,qc,MPa,13.563
CPT1,0.85,fs,MPa,0.0402
CPT1,0.85,qc,MPa,13.622
CPT1,0.86,fs,MPa,0.0411
CPT1,0.86,qc,MPa,13.582
CPT1,0.87,fs,MPa,0.0435
CPT1,0.87,qc,MPa,13.551
CPT1,0.88,fs,MPa,0.0459
CPT1,0.88,qc,MPa,13.523
CPT1,0.89,fs,MPa,0.0454
CPT1,0.89,qc,MPa,13.448
CPT1,0.9,fs,MPa,0.047
CPT1,0.9,qc,MPa,13.349
CPT1,0.91,fs,MPa,0.0484
CPT1,0.91,qc,MPa,13.29
CPT1,0.92,fs,MPa,0.0491
CPT1,0.92,qc,MPa,13.167
CPT1,0.93,fs,MPa,0.0491
CPT1,0.93,qc,MPa,13.001
CPT1,0.94,fs,MPa,0.0491
CPT1,0.94,qc,MPa,12.948
CPT1,0.95,fs,MPa,0.0491
CPT1,0.95,qc,MPa,12.9432
CPT1,0.96,fs,MPa,0.049
CPT1,0.96,qc,MPa,12.942
CPT1,0.97,fs,MPa,0.0485
CPT1,0.97,qc,MPa,12.9448
CPT1,0.98,fs,MPa,0.0486
CPT1,0.98,qc,MPa,12.9476
CPT1,0.99,fs,MPa,0.0478
CPT1,0.99,qc,MPa,12.962
CPT1,1.0,fs,MPa,0.0477
CPT1,1.0,qc,MPa,13.068
CPT1,1.01,fs,MPa,0.0477
CPT1,1.01,qc,MPa,13.306
CPT1,1.02,fs,MPa,0.048
CPT1,1.02,qc,MPa,13.333
CPT1,1.03,fs,MPa,0.0483
CPT1,1.03,qc,MPa,13.816
CPT1,1.04,fs,MPa,0.0498
CPT1,1.04,qc,MPa,14.701
CPT1,1.05,fs,MPa,0.0526
CPT1,1.05,qc,MPa,15.006
CPT1,1.06,fs,MPa,0.0537
CPT1,1.06,qc,MPa,15.287
CPT1,1.07,fs,MPa,0.0554
CPT1,1.07,qc,MPa,15.544
CPT1,1.08,fs,MPa,0.0575
CPT1,1.08,qc,MPa,15.694
CPT1,1.09,fs,MPa,0.0594
CPT1,1.09,qc,MPa,15.84
CPT1,1.1,fs,MPa,0.0595
CPT1,1.1,qc,MPa,16.101
CPT1,1.11,fs,MPa,0.0608
CPT1,1.11,qc,MPa,16.204
CPT1,1.12,fs,MPa,0.0612
CPT1,1.12,qc,MPa,16.291
CPT1,1.13,fs,MPa,0.0612
CPT1,1.13,qc,MPa,16.445
CPT1,1.14,fs,MPa,0.0612
CPT1,1.14,qc,MPa,16.623
CPT1,1.15,fs,MPa,0.0613
CPT1,1.15,qc,MPa,16.884
CPT1,1.16,fs,MPa,0.0617
CPT1,1.16,qc,MPa,17.106
CPT1,1.17,fs,MPa,0.0621
CPT1,1.17,qc,MPa,17.548
CPT1,1.18,fs,MPa,0.0652
CPT1,1.18,qc,MPa,17.987
CPT1,1.19,fs,MPa,0.0654
CPT1,1.19,qc,MPa,18.399
CPT1,1.2,fs,MPa,0.0655
CPT1,1.2,qc,MPa,18.723
CPT1,1.21,fs,MPa,0.0676
CPT1,1.21,qc,MPa,19.019
CPT1,1.22,fs,MPa,0.0696
CPT1,1.22,qc,MPa,19.209
CPT1,1.23,fs,MPa,0.0691
CPT1,1.23,qc,MPa,19.3
CPT1,1.24,fs,MPa,0.0739
CPT1,1.24,qc,MPa,19.391
CPT1,1.25,fs,MPa,0.0768
CPT1,1.25,qc,MPa,19.431
CPT1,1.26,fs,MPa,0.0792
CPT1,1.26,qc,MPa,19.442
CPT1,1.27,fs,MPa,0.0796
CPT1,1.27,qc,MPa,19.348
CPT1,1.28,fs,MPa,0.08
CPT1,1.28,qc,MPa,19.288
CPT1,1.29,fs,MPa,0.0807
CPT1,1.29,qc,MPa,19.174
CPT1,1.3,fs,MPa,0.081
CPT1,1.3,qc,MPa,19.162
CPT1,1.31,fs,MPa,0.0811
CPT1,1.31,qc,MPa,19.1354
CPT1,1.32,fs,MPa,0.0811
CPT1,1.32,qc,MPa,19.1228
CPT1,1.33,fs,MPa,0.0811
CPT1,1.33,qc,MPa,19.1235
CPT1,1.34,fs,MPa,0.0812
CPT1,1.34,qc,MPa,19.1243
CPT1,1.35,fs,MPa,0.0812
CPT1,1.35,qc,MPa,19.126
CPT1,1.36,fs,MPa,0.0812
CPT1,1.36,qc,MPa,19.249
CPT1,1.37,fs,MPa,0.0812
CPT1,1.37,qc,MPa,19.431
CPT1,1.38,fs,MPa,0.0813
CPT1,1.38,qc,MPa,19.664
CPT1,1.39,fs,MPa,0.0816
CPT1,1.39,qc,MPa,19.925
CPT1,1.4,fs,MPa,0.0843
CPT1,1.4,qc,MPa,20.107
CPT1,1.41,fs,MPa,0.0851
CPT1,1.41,qc,MPa,20.321
CPT1,1.42,fs,MPa,0.0858
CPT1,1.42,qc,MPa,20.44
CPT1,1.43,fs,MPa,0.0864
CPT1,1.43,qc,MPa,20.504
CPT1,1.44,fs,MPa,0.0864
CPT1,1.44,qc,MPa,20.373
CPT1,1.45,fs,MPa,0.0864
CPT1,1.45,qc,MPa,20.433
CPT1,1.46,fs,MPa,0.0864
CPT1,1.46,qc,MPa,20.282
CPT1,1.47,fs,MPa,0.0863
CPT1,1.47,qc,MPa,20.079
CPT1,1.48,fs,MPa,0.0854
CPT1,1.48,qc,MPa,19.933
CPT1,1.49,fs,MPa,0.0835
CPT1,1.49,qc,MPa,19.794
CPT1,1.5,fs,MPa,0.0839
CPT1,1.5,qc,MPa,19.692
CPT1,1.51,fs,MPa,0.0822
CPT1,1.51,qc,MPa,19.518
CPT1,1.52,fs,MPa,0.0805
CPT1,1.52,qc,MPa,19.399
CPT1,1.53,fs,MPa,0.0818
CPT1,1.53,qc,MPa,19.272
CPT1,1.54,fs,MPa,0.0802
CPT1,1.54,qc,MPa,19.17
CPT1,1.55,fs,MPa,0.0769
CPT1,1.55,qc,MPa,18.9495
CPT1,1.56,fs,MPa,0.0735
CPT1,1.56,qc,MPa,18.9691
CPT1,1.57,fs,MPa,0.0758
CPT1,1.57,qc,MPa,18.9887
CPT1,1.58,fs,MPa,0.0719
CPT1,1.58,qc,MPa,19.0492
CPT1,1.59,fs,MPa,0.0719
CPT1,1.59,qc,MPa,19.1737
CPT1,1.6,fs,MPa,0.0719
CPT1,1.6,qc,MPa,19.423
CPT1,1.61,fs,MPa,0.0719
CPT1,1.61,qc,MPa,19.699
CPT1,1.62,fs,MPa,0.072
CPT1,1.62,qc,MPa,20.155
CPT1,1.63,fs,MPa,0.0724
CPT1,1.63,qc,MPa,20.294
CPT1,1.64,fs,MPa,0.0732
CPT1,1.64,qc,MPa,20.516
CPT1,1.65,fs,MPa,0.0748
CPT1,1.65,qc,MPa,20.921
CPT1,1.66,fs,MPa,0.0777
CPT1,1.66,qc,MPa,21.036
CPT1,1.67,fs,MPa,0.0806
CPT1,1.67,qc,MPa,21.206
CPT1,1.68,fs,MPa,0.0851
CPT1,1.68,qc,MPa,21.206
CPT1,1.69,fs,MPa,0.0861
CPT1,1.69,qc,MPa,21.179
CPT1,1.7,fs,MPa,0.0868
CPT1,1.7,qc,MPa,21.099
CPT1,1.71,fs,MPa,0.0874
CPT1,1.71,qc,MPa,21.008
CPT1,1.72,fs,MPa,0.0888
CPT1,1.72,qc,MPa,20.877
CPT1,1.73,fs,MPa,0.0891
CPT1,1.73,qc,MPa,20.567
CPT1,1.74,fs,MPa,0.0891
CPT1,1.74,qc,MPa,20.409
CPT1,1.75,fs,MPa,0.0891
CPT1,1.75,qc,MPa,20.194
CPT1,1.76,fs,MPa,0.0891
CPT1,1.76,qc,MPa,20.1447
CPT1,1.77,fs,MPa,0.089
CPT1,1.77,qc,MPa,20.1203
CPT1,1.78,fs,MPa,0.0881
CPT1,1.78,qc,MPa,20.1088
CPT1,1.79,fs,MPa,0.0866
CPT1,1.79,qc,MPa,20.1182
CPT1,1.8,fs,MPa,0.0836
CPT1,1.8,qc,MPa,20.1275
CPT1,1.81,fs,MPa,0.0807
CPT1,1.81,qc,MPa,20.19
CPT1,1.82,fs,MPa,0.0796
CPT1,1.82,qc,MPa,20.329
CPT1,1.83,fs,MPa,0.0791
CPT1,1.83,qc,MPa,20.865
CPT1,1.84,fs,MPa,0.079
CPT1,1.84,qc,MPa,21.31
CPT1,1.85,fs,MPa,0.0789
CPT1,1.85,qc,MPa,21.825
CPT1,1.86,fs,MPa,0.0792
CPT1,1.86,qc,MPa,22.365
CPT1,1.87,fs,MPa,0.0794
CPT1,1.87,qc,MPa,23.377
CPT1,1.88,fs,MPa,0.0806
CPT1,1.88,qc,MPa,23.714
CPT1,1.89,fs,MPa,0.0894
CPT1,1.89,qc,MPa,23.921
CPT1,1.9,fs,MPa,0.0924
CPT1,1.9,qc,MPa,24.127
CPT1,1.91,fs,MPa,0.0999
CPT1,1.91,qc,MPa,24.373
CPT1,1.92,fs,MPa,0.0958
CPT1,1.92,qc,MPa,24.393
CPT1,1.93,fs,MPa,0.1013
CPT1,1.93,qc,MPa,24.317
CPT1,1.94,fs,MPa,0.1085
CPT1,1.94,qc,MPa,24.278
CPT1,1.95,fs,MPa,0.1076
CPT1,1.95,qc,MPa,23.96
CPT1,1.96,fs,MPa,0.11
CPT1,1.96,qc,MPa,23.802
CPT1,1.97,fs,MPa,0.1101
CPT1,1.97,qc,MPa,23.643
CPT1,1.98,fs,MPa,0.1095
CPT1,1.98,qc,MPa,23.488
CPT1,1.99,fs,MPa,0.1088
CPT1,1.99,qc,MPa,23.467
CPT1,2.0,fs,MPa,0.1075
CPT1,2.0,qc,MPa,23.4657
CPT1,2.01,fs,MPa,0.1049
CPT1,2.01,qc,MPa,23.4662
CPT1,2.02,fs,MPa,0.103
CPT1,2.02,qc,MPa,23.4668
CPT1,2.03,fs,MPa,0.1029
CPT1,2.03,qc,MPa,23.468
CPT1,2.04,fs,MPa,0.1029
CPT1,2.04,qc,MPa,23.583
CPT1,2.05,fs,MPa,0.1029
CPT1,2.05,qc,MPa,23.821
CPT1,2.06,fs,MPa,0.103
CPT1,2.06,qc,MPa,24.187
CPT1,2.07,fs,MPa,0.1034
CPT1,2.07,qc,MPa,25.147
CPT1,2.08,fs,MPa,0.1044
CPT1,2.08,qc,MPa,25.256
CPT1,2.09,fs,MPa,0.1062
CPT1,2.09,qc,MPa,25.365
CPT1,2.1,fs,MPa,0.1092
CPT1,2.1,qc,MPa,25.869
CPT1,2.11,fs,MPa,0.1124
CPT1,2.11,qc,MPa,26.218
CPT1,2.12,fs,MPa,0.1154
CPT1,2.12,qc,MPa,26.448
CPT1,2.13,fs,MPa,0.1186
CPT1,2.13,qc,MPa,26.587
CPT1,2.14,fs,MPa,0.1241
CPT1,2.14,qc,MPa,26.623
CPT1,2.15,fs,MPa,0.1242
CPT1,2.15,qc,MPa,26.603
CPT1,2.16,fs,MPa,0.1242
CPT1,2.16,qc,MPa,26.607
CPT1,2.17,fs,MPa,0.1242
CPT1,2.17,qc,MPa,26.611
CPT1,2.18,fs,MPa,0.1242
CPT1,2.18,qc,MPa,26.617
CPT1,2.19,fs,MPa,0.1236
CPT1,2.19,qc,MPa,26.623
CPT1,2.2,fs,MPa,0.1226
CPT1,2.2,qc,MPa,26.758
CPT1,2.21,fs,MPa,0.1228
CPT1,2.21,qc,MPa,26.952
CPT1,2.22,fs,MPa,0.1215
CPT1,2.22,qc,MPa,27.155
CPT1,2.23,fs,MPa,0.1212
CPT1,2.23,qc,MPa,27.877
CPT1,2.24,fs,MPa,0.1212
CPT1,2.24,qc,MPa,28.313
CPT1,2.25,fs,MPa,0.1211
CPT1,2.25,qc,MPa,29.29
CPT1,2.26,fs,MPa,0.1212
CPT1,2.26,qc,MPa,29.75
CPT1,2.27,fs,MPa,0.1212
CPT1,2.27,qc,MPa,30.548
CPT1,2.28,fs,MPa,0.1296
CPT1,2.28,qc,MPa,31.279
CPT1,2.29,fs,MPa,0.136
CPT1,2.29,qc,MPa,32.01
CPT1,2.3,fs,MPa,0.1385
CPT1,2.3,qc,MPa,32.519
CPT1,2.31,fs,MPa,0.1429
CPT1,2.31,qc,MPa,32.801
CPT1,2.32,fs,MPa,0.1431
CPT1,2.32,qc,MPa,33.047
CPT1,2.33,fs,MPa,0.1433
CPT1,2.33,qc,MPa,33.127
CPT1,2.34,fs,MPa,0.146
CPT1,2.34,qc,MPa,33.151
CPT1,2.35,fs,MPa,0.1473
CPT1,2.35,qc,MPa,33.317
CPT1,2.36,fs,MPa,0.1486
CPT1,2.36,qc,MPa,33.536
CPT1,2.37,fs,MPa,0.1483
CPT1,2.37,qc,MPa,33.993
CPT1,2.38,fs,MPa,0.1506
CPT1,2.38,qc,MPa,34.446
CPT1,2.39,fs,MPa,0.1528
CPT1,2.39,qc,MPa,35.292
CPT1,2.4,fs,MPa,0.1543
CPT1,2.4,qc,MPa,36.309
CPT1,2.41,fs,MPa,0.1565
CPT1,2.41,qc,MPa,37.541
CPT1,2.42,fs,MPa,0.1594
CPT1,2.42,qc,MPa,38.796
CPT1,2.43,qc,MPa,39.456
CPT1,2.44,qc,MPa,40.407
CPT1,2.45,qc,MPa,40.965
CPT1,2.46,qc,MPa,41.523
CPT1,2.47,qc,MPa,42.01
CPT1,2.48,qc,MPa,42.133
CPT1,2.49,qc,MPa,42.58
CPT2,0.0,fs,MPa,0.0
CPT2,0.0,qc,MPa,0.0036
CPT2,0.01,fs,MPa,0.0
CPT2,0.01,qc,MPa,0.0004
CPT2,0.02,fs,MPa,0.0001
CPT2,0.02,qc,MPa,0.0084
CPT2,0.03,fs,MPa,0.0001
CPT2,0.03,qc,MPa,0.0203
CPT2,0.04,fs,MPa,0.0003
CPT2,0.04,qc,MPa,0.0561
CPT2,0.05,fs,MPa,0.0003
CPT2,0.05,qc,MPa,0.0839
CPT2,0.06,fs,MPa,0.0003
CPT2,0.06,qc,MPa,0.1436
CPT2,0.07,fs,MPa,0.0003
CPT2,0.07,qc,MPa,0.1874
CPT2,0.08,fs,MPa,0.0003
CPT2,0.08,qc,MPa,0.2192
CPT2,0.09,fs,MPa,0.0003
CPT2,0.09,qc,MPa,0.3027
CPT2,0.1,fs,MPa,0.0004
CPT2,0.1,qc,MPa,0.3544
CPT2,0.11,fs,MPa,0.0012
CPT2,0.11,qc,MPa,0.4022
CPT2,0.12,fs,MPa,0.003
CPT2,0.12,qc,MPa,0.4499
CPT2,0.13,fs,MPa,0.003
CPT2,0.13,qc,MPa,0.5573
CPT2,0.14,fs,MPa,0.0031
CPT2,0.14,qc,MPa,0.605
CPT2,0.15,fs,MPa,0.0031
CPT2,0.15,qc,MPa,0.6726
CPT2,0.16,fs,MPa,0.0031
CPT2,0.16,qc,MPa,0.7323
CPT2,0.17,fs,MPa,0.0031
CPT2,0.17,qc,MPa,0.9033
CPT2,0.18,fs,MPa,0.0029
CPT2,0.18,qc,MPa,1.0107
CPT2,0.19,fs,MPa,0.0026
CPT2,0.19,qc,MPa,1.146
CPT2,0.2,fs,MPa,0.0019
CPT2,0.2,qc,MPa,1.2772
CPT2,0.21,fs,MPa,0.0017
CPT2,0.21,qc,MPa,1.4324
CPT2,0.22,fs,MPa,0.0018
CPT2,0.22,qc,MPa,1.5636
CPT2,0.23,fs,MPa,0.0018
CPT2,0.23,qc,MPa,1.7029
CPT2,0.24,fs,MPa,0.0019
CPT2,0.24,qc,MPa,1.9495
CPT2,0.25,fs,MPa,0.0022
CPT2,0.25,qc,MPa,2.0768
CPT2,0.26,fs,MPa,0.0048
CPT2,0.26,qc,MPa,2.2239
CPT2,0.27,fs,MPa,0.0065
CPT2,0.27,qc,MPa,2.2876
CPT2,0.28,fs,MPa,0.0065
CPT2,0.28,qc,MPa,2.3791
CPT2,0.29,fs,MPa,0.0068
CPT2,0.29,qc,MPa,2.566
CPT2,0.3,fs,MPa,0.0072
CPT2,0.3,qc,MPa,2.6734
CPT2,0.31,fs,MPa,0.0079
CPT2,0.31,qc,MPa,2.757
CPT2,0.32,fs,MPa,0.008
CPT2,0.32,qc,MPa,2.8723
CPT2,0.33,fs,MPa,0.008
CPT2,0.33,qc,MPa,3.0036
CPT2,0.34,fs,MPa,0.0086
CPT2,0.34,qc,MPa,3.115
CPT2,0.35,fs,MPa,0.0092
CPT2,0.35,qc,MPa,3.278
CPT2,0.36,fs,MPa,0.0094
CPT2,0.36,qc,MPa,3.4769
CPT2,0.37,fs,MPa,0.0096
CPT2,0.37,qc,MPa,3.9781
CPT2,0.38,fs,MPa,0.0104
CPT2,0.38,qc,MPa,4.1929
CPT2,0.39,fs,MPa,0.0123
CPT2,0.39,qc,MPa,4.4117
CPT2,0.4,fs,MPa,0.0109
CPT2,0.4,qc,MPa,4.7856
CPT2,0.41,fs,MPa,0.0124
CPT2,0.41,qc,MPa,4.9845
CPT2,0.42,fs,MPa,0.015
CPT2,0.42,qc,MPa,5.1038
CPT2,0.43,fs,MPa,0.0177
CPT2,0.43,qc,MPa,5.3504
CPT2,0.44,fs,MPa,0.0179
CPT2,0.44,qc,MPa,5.4101
CPT2,0.45,fs,MPa,0.0182
CPT2,0.45,qc,MPa,5.601
CPT2,0.46,fs,MPa,0.0179
CPT2,0.46,qc,MPa,5.7601
CPT2,0.47,fs,MPa,0.0194
CPT2,0.47,qc,MPa,5.8079
CPT2,0.48,fs,MPa,0.0209
CPT2,0.48,qc,MPa,5.8994
CPT2,0.49,fs,MPa,0.0237
CPT2,0.49,qc,MPa,5.9988
CPT2,0.5,fs,MPa,0.023
CPT2,0.5,qc,MPa,6.0267
CPT2,0.51,fs,MPa,0.0244
CPT2,0.51,qc,MPa,6.142
CPT2,0.52,fs,MPa,0.0254
CPT2,0.52,qc,MPa,6.1619
CPT2,0.53,fs,MPa,0.0254
CPT2,0.53,qc,MPa,6.2375
CPT2,0.54,fs,MPa,0.0254
CPT2,0.54,qc,MPa,6.3687
CPT2,0.55,fs,MPa,0.0259
CPT2,0.55,qc,MPa,6.4045
CPT2,0.56,fs,MPa,0.0264
CPT2,0.56,qc,MPa,6.4284
CPT2,0.57,fs,MPa,0.0266
CPT2,0.57,qc,MPa,6.7864
CPT2,0.58,fs,MPa,0.0267
CPT2,0.58,qc,MPa,6.9376
CPT2,0.59,fs,MPa,0.0268
CPT2,0.59,qc,MPa,7.1523
CPT2,0.6,fs,MPa,0.027
CPT2,0.6,qc,MPa,7.6535
CPT2,0.61,fs,MPa,0.0271
CPT2,0.61,qc,MPa,7.9837
CPT2,0.62,fs,MPa,0.0272
CPT2,0.62,qc,MPa,8.6519
CPT2,0.63,fs,MPa,0.0294
CPT2,0.63,qc,MPa,9.0219
CPT2,0.64,fs,MPa,0.0297
CPT2,0.64,qc,MPa,9.3242
CPT2,0.65,fs,MPa,0.0301
CPT2,0.65,qc,MPa,9.6106
CPT2,0.66,fs,MPa,0.0306
CPT2,0.66,qc,MPa,9.8612
CPT2,0.67,fs,MPa,0.0306
CPT2,0.67,qc,MPa,10.166
CPT2,0.68,fs,MPa,0.0307
CPT2,0.68,qc,MPa,10.273
CPT2,0.69,fs,MPa,0.0308
CPT2,0.69,qc,MPa,10.337
CPT2,0.7,fs,MPa,0.0308
CPT2,0.7,qc,MPa,10.451
CPT2,0.71,fs,MPa,0.0311
CPT2,0.71,qc,MPa,10.475
CPT2,0.72,fs,MPa,0.0328
CPT2,0.72,qc,MPa,10.625
CPT2,0.73,fs,MPa,0.034
CPT2,0.73,qc,MPa,10.775
CPT2,0.74,fs,MPa,0.0352
CPT2,0.74,qc,MPa,10.91
CPT2,0.75,fs,MPa,0.0353
CPT2,0.75,qc,MPa,11.108
CPT2,0.76,fs,MPa,0.0355
CPT2,0.76,qc,MPa,11.301
CPT2,0.77,fs,MPa,0.0377
CPT2,0.77,qc,MPa,11.637
CPT2,0.78,fs,MPa,0.0442
CPT2,0.78,qc,MPa,12.306
CPT2,0.79,fs,MPa,0.0423
CPT2,0.79,qc,MPa,12.567
CPT2,0.8,fs,MPa,0.0449
CPT2,0.8,qc,MPa,12.855
CPT2,0.81,fs,MPa,0.0459
CPT2,0.81,qc,MPa,13.124
CPT2,0.82,fs,MPa,0.0491
CPT2,0.82,qc,MPa,13.361
CPT2,0.83,fs,MPa,0.0478
CPT2,0.83,qc,MPa,13.796
CPT2,0.84,fs,MPa,0.0494
CPT2,0.84,qc,MPa,13.97
CPT2,0.85,fs,MPa,0.0502
CPT2,0.85,qc,MPa,14.093
CPT2,0.86,fs,MPa,0.0513
CPT2,0.86,qc,MPa,14.208
CPT2,0.87,fs,MPa,0.0542
CPT2,0.87,qc,MPa,14.172
CPT2,0.88,fs,MPa,0.0557
CPT2,0.88,qc,MPa,14.204
CPT2,0.89,fs,MPa,0.0572
CPT2,0.89,qc,MPa,14.184
CPT2,0.9,fs,MPa,0.0577
CPT2,0.9,qc,MPa,14.144
CPT2,0.91,fs,MPa,0.0579
CPT2,0.91,qc,MPa,14.121
CPT2,0.92,fs,MPa,0.058
CPT2,0.92,qc,MPa,14.115
CPT2,0.93,fs,MPa,0.058
CPT2,0.93,qc,MPa,14.1188
CPT2,0.94,fs,MPa,0.058
CPT2,0.94,qc,MPa,14.1226
CPT2,0.95,fs,MPa,0.058
CPT2,0.95,qc,MPa,14.1332
CPT2,0.96,fs,MPa,0.058
CPT2,0.96,qc,MPa,14.156
CPT2,0.97,fs,MPa,0.058
CPT2,0.97,qc,MPa,14.223
CPT2,0.98,fs,MPa,0.0581
CPT2,0.98,qc,MPa,14.401
CPT2,0.99,fs,MPa,0.0594
CPT2,0.99,qc,MPa,14.777
CPT2,1.0,fs,MPa,0.0603
CPT2,1.0,qc,MPa,14.943
CPT2,1.01,fs,MPa,0.0612
CPT2,1.01,qc,MPa,15.184
CPT2,1.02,fs,MPa,0.0671
CPT2,1.02,qc,MPa,15.465
CPT2,1.03,fs,MPa,0.0673
CPT2,1.03,qc,MPa,15.595
CPT2,1.04,fs,MPa,0.0675
CPT2,1.04,qc,MPa,15.876
CPT2,1.05,fs,MPa,0.0675
CPT2,1.05,qc,MPa,15.908
CPT2,1.06,fs,MPa,0.0674
CPT2,1.06,qc,MPa,15.943
CPT2,1.07,fs,MPa,0.0674
CPT2,1.07,qc,MPa,15.943
CPT2,1.08,fs,MPa,0.0673
CPT2,1.08,qc,MPa,15.9
CPT2,1.09,fs,MPa,0.067
CPT2,1.09,qc,MPa,15.678
CPT2,1.1,fs,MPa,0.0655
CPT2,1.1,qc,MPa,15.6744
CPT2,1.11,fs,MPa,0.0642
CPT2,1.11,qc,MPa,15.6742
CPT2,1.12,fs,MPa,0.0638
CPT2,1.12,qc,MPa,15.6916
CPT2,1.13,fs,MPa,0.0633
CPT2,1.13,qc,MPa,15.709
CPT2,1.14,fs,MPa,0.0631
CPT2,1.14,qc,MPa,15.853
CPT2,1.15,fs,MPa,0.0631
CPT2,1.15,qc,MPa,16.204
CPT2,1.16,fs,MPa,0.0631
CPT2,1.16,qc,MPa,16.58
CPT2,1.17,fs,MPa,0.0631
CPT2,1.17,qc,MPa,16.873
CPT2,1.18,fs,MPa,0.0641
CPT2,1.18,qc,MPa,17.153
CPT2,1.19,fs,MPa,0.0644
CPT2,1.19,qc,MPa,17.335
CPT2,1.2,fs,MPa,0.0647
CPT2,1.2,qc,MPa,17.454
CPT2,1.21,fs,MPa,0.0649
CPT2,1.21,qc,MPa,17.557
CPT2,1.22,fs,MPa,0.065
CPT2,1.22,qc,MPa,17.569
CPT2,1.23,fs,MPa,0.0666
CPT2,1.23,qc,MPa,17.553
CPT2,1.24,fs,MPa,0.067
CPT2,1.24,qc,MPa,17.525
CPT2,1.25,fs,MPa,0.0683
CPT2,1.25,qc,MPa,17.41
CPT2,1.26,fs,MPa,0.0681
CPT2,1.26,qc,MPa,17.256
CPT2,1.27,fs,MPa,0.0728
CPT2,1.27,qc,MPa,17.236
CPT2,1.28,fs,MPa,0.073
CPT2,1.28,qc,MPa,17.149
CPT2,1.29,fs,MPa,0.0731
CPT2,1.29,qc,MPa,17.019
CPT2,1.3,fs,MPa,0.0731
CPT2,1.3,qc,MPa,16.837
CPT2,1.31,fs,MPa,0.073
CPT2,1.31,qc,MPa,16.768
CPT2,1.32,fs,MPa,0.073
CPT2,1.32,qc,MPa,16.751
CPT2,1.33,fs,MPa,0.0728
CPT2,1.33,qc,MPa,16.7428
CPT2,1.34,fs,MPa,0.0721
CPT2,1.34,qc,MPa,16.7416
CPT2,1.35,fs,MPa,0.072
CPT2,1.35,qc,MPa,16.7418
CPT2,1.36,fs,MPa,0.072
CPT2,1.36,qc,MPa,16.742
CPT2,1.37,fs,MPa,0.072
CPT2,1.37,qc,MPa,16.873
CPT2,1.38,fs,MPa,0.0721
CPT2,1.38,qc,MPa,17.082
CPT2,1.39,fs,MPa,0.0727
CPT2,1.39,qc,MPa,17.577
CPT2,1.4,fs,MPa,0.0738
CPT2,1.4,qc,MPa,17.826
CPT2,1.41,fs,MPa,0.0762
CPT2,1.41,qc,MPa,18.158
CPT2,1.42,fs,MPa,0.0769
CPT2,1.42,qc,MPa,18.454
CPT2,1.43,fs,MPa,0.0776
CPT2,1.43,qc,MPa,18.976
CPT2,1.44,fs,MPa,0.0772
CPT2,1.44,qc,MPa,19.19
CPT2,1.45,fs,MPa,0.0814
CPT2,1.45,qc,MPa,19.399
CPT2,1.46,fs,MPa,0.0827
CPT2,1.46,qc,MPa,19.443
CPT2,1.47,fs,MPa,0.0841
CPT2,1.47,qc,MPa,19.569
CPT2,1.48,fs,MPa,0.0843
CPT2,1.48,qc,MPa,19.593
CPT2,1.49,fs,MPa,0.0844
CPT2,1.49,qc,MPa,19.502
CPT2,1.5,fs,MPa,0.0843
CPT2,1.5,qc,MPa,19.498
CPT2,1.51,fs,MPa,0.0842
CPT2,1.51,qc,MPa,19.451
CPT2,1.52,fs,MPa,0.0841
CPT2,1.52,qc,MPa,19.332
CPT2,1.53,fs,MPa,0.0838
CPT2,1.53,qc,MPa,19.071
CPT2,1.54,fs,MPa,0.0835
CPT2,1.54,qc,MPa,18.96
CPT2,1.55,fs,MPa,0.0828
CPT2,1.55,qc,MPa,18.905
CPT2,1.56,fs,MPa,0.0827
CPT2,1.56,qc,MPa,18.885
CPT2,1.57,fs,MPa,0.0827
CPT2,1.57,qc,MPa,18.8715
CPT2,1.58,fs,MPa,0.0827
CPT2,1.58,qc,MPa,18.8762
CPT2,1.59,fs,MPa,0.0827
CPT2,1.59,qc,MPa,18.881
CPT2,1.6,fs,MPa,0.0827
CPT2,1.6,qc,MPa,18.939
CPT2,1.61,fs,MPa,0.0827
CPT2,1.61,qc,MPa,19.06
CPT2,1.62,fs,MPa,0.0827
CPT2,1.62,qc,MPa,19.304
CPT2,1.63,fs,MPa,0.0828
CPT2,1.63,qc,MPa,19.921
CPT2,1.64,fs,MPa,0.0829
CPT2,1.64,qc,MPa,20.195
CPT2,1.65,fs,MPa,0.0835
CPT2,1.65,qc,MPa,20.481
CPT2,1.66,fs,MPa,0.0849
CPT2,1.66,qc,MPa,20.814
CPT2,1.67,fs,MPa,0.0882
CPT2,1.67,qc,MPa,21.334
CPT2,1.68,fs,MPa,0.0883
CPT2,1.68,qc,MPa,21.588
CPT2,1.69,fs,MPa,0.0883
CPT2,1.69,qc,MPa,21.794
CPT2,1.7,fs,MPa,0.0892
CPT2,1.7,qc,MPa,21.917
CPT2,1.71,fs,MPa,0.0924
CPT2,1.71,qc,MPa,22.028
CPT2,1.72,fs,MPa,0.0924
CPT2,1.72,qc,MPa,21.969
CPT2,1.73,fs,MPa,0.0925
CPT2,1.73,qc,MPa,21.877
CPT2,1.74,fs,MPa,0.0925
CPT2,1.74,qc,MPa,21.707
CPT2,1.75,fs,MPa,0.0925
CPT2,1.75,qc,MPa,21.619
CPT2,1.76,fs,MPa,0.0925
CPT2,1.76,qc,MPa,21.477
CPT2,1.77,fs,MPa,0.0926
CPT2,1.77,qc,MPa,21.369
CPT2,1.78,fs,MPa,0.0927
CPT2,1.78,qc,MPa,21.3375
CPT2,1.79,fs,MPa,0.0933
CPT2,1.79,qc,MPa,21.3222
CPT2,1.8,fs,MPa,0.0933
CPT2,1.8,qc,MPa,21.3217
CPT2,1.81,fs,MPa,0.0933
CPT2,1.81,qc,MPa,21.3219
CPT2,1.82,fs,MPa,0.0933
CPT2,1.82,qc,MPa,21.322
CPT2,1.83,fs,MPa,0.0933
CPT2,1.83,qc,MPa,21.381
CPT2,1.84,fs,MPa,0.0933
CPT2,1.84,qc,MPa,22.032
CPT2,1.85,fs,MPa,0.0937
CPT2,1.85,qc,MPa,22.433
CPT2,1.86,fs,MPa,0.0944
CPT2,1.86,qc,MPa,22.933
CPT2,1.87,fs,MPa,0.096
CPT2,1.87,qc,MPa,23.477
CPT2,1.88,fs,MPa,0.0955
CPT2,1.88,qc,MPa,24.072
CPT2,1.89,fs,MPa,0.1001
CPT2,1.89,qc,MPa,24.477
CPT2,1.9,fs,MPa,0.1063
CPT2,1.9,qc,MPa,24.877
CPT2,1.91,fs,MPa,0.1117
CPT2,1.91,qc,MPa,24.913
CPT2,1.92,fs,MPa,0.1158
CPT2,1.92,qc,MPa,24.873
CPT2,1.93,fs,MPa,0.121
CPT2,1.93,qc,MPa,24.826
CPT2,1.94,fs,MPa,0.1226
CPT2,1.94,qc,MPa,24.663
CPT2,1.95,fs,MPa,0.1226
CPT2,1.95,qc,MPa,24.596
CPT2,1.96,fs,MPa,0.1222
CPT2,1.96,qc,MPa,24.481
CPT2,1.97,fs,MPa,0.1217
CPT2,1.97,qc,MPa,24.387
CPT2,1.98,fs,MPa,0.1207
CPT2,1.98,qc,MPa,24.3887
CPT2,1.99,fs,MPa,0.1188
CPT2,1.99,qc,MPa,24.3904
CPT2,2.0,fs,MPa,0.1151
CPT2,2.0,qc,MPa,24.397
CPT2,2.01,fs,MPa,0.1151
CPT2,2.01,qc,MPa,24.453
CPT2,2.02,fs,MPa,0.115
CPT2,2.02,qc,MPa,24.564
CPT2,2.03,fs,MPa,0.1152
CPT2,2.03,qc,MPa,25.473
CPT2,2.04,fs,MPa,0.1154
CPT2,2.04,qc,MPa,25.977
CPT2,2.05,fs,MPa,0.117
CPT2,2.05,qc,MPa,26.429
CPT2,2.06,fs,MPa,0.1201
CPT2,2.06,qc,MPa,26.822
CPT2,2.07,fs,MPa,0.1196
CPT2,2.07,qc,MPa,27.282
CPT2,2.08,fs,MPa,0.1201
CPT2,2.08,qc,MPa,27.496
CPT2,2.09,fs,MPa,0.1207
CPT2,2.09,qc,MPa,27.508
CPT2,2.1,fs,MPa,0.1215
CPT2,2.1,qc,MPa,27.524
CPT2,2.11,fs,MPa,0.1231
CPT2,2.11,qc,MPa,27.393
CPT2,2.12,fs,MPa,0.1246
CPT2,2.12,qc,MPa,26.633
CPT2,2.13,fs,MPa,0.128
CPT2,2.13,qc,MPa,26.414
CPT2,2.14,fs,MPa,0.1291
CPT2,2.14,qc,MPa,26.3045
CPT2,2.15,fs,MPa,0.1296
CPT2,2.15,qc,MPa,26.2498
CPT2,2.16,fs,MPa,0.1296
CPT2,2.16,qc,MPa,26.2376
CPT2,2.17,fs,MPa,0.1296
CPT2,2.17,qc,MPa,26.2329
CPT2,2.18,fs,MPa,0.1296
CPT2,2.18,qc,MPa,26.2375
CPT2,2.19,fs,MPa,0.1289
CPT2,2.19,qc,MPa,26.242
CPT2,2.2,fs,MPa,0.1275
CPT2,2.2,qc,MPa,26.316
CPT2,2.21,fs,MPa,0.1268
CPT2,2.21,qc,MPa,26.465
CPT2,2.22,fs,MPa,0.1269
CPT2,2.22,qc,MPa,26.592
CPT2,2.23,fs,MPa,0.127
CPT2,2.23,qc,MPa,27.1
CPT2,2.24,fs,MPa,0.1273
CPT2,2.24,qc,MPa,27.441
CPT2,2.25,fs,MPa,0.128
CPT2,2.25,qc,MPa,28.115
CPT2,2.26,fs,MPa,0.1278
CPT2,2.26,qc,MPa,28.635
CPT2,2.27,fs,MPa,0.1293
CPT2,2.27,qc,MPa,29.695
CPT2,2.28,fs,MPa,0.1322
CPT2,2.28,qc,MPa,30.767
CPT2,2.29,fs,MPa,0.1372
CPT2,2.29,qc,MPa,31.18
CPT2,2.3,fs,MPa,0.1409
CPT2,2.3,qc,MPa,31.76
CPT2,2.31,fs,MPa,0.1446
CPT2,2.31,qc,MPa,32.154
CPT2,2.32,fs,MPa,0.1452
CPT2,2.32,qc,MPa,32.491
CPT2,2.33,fs,MPa,0.1457
CPT2,2.33,qc,MPa,32.634
CPT2,2.34,fs,MPa,0.1462
CPT2,2.34,qc,MPa,32.921
CPT2,2.35,fs,MPa,0.1466
CPT2,2.35,qc,MPa,33.246
CPT2,2.36,fs,MPa,0.1527
CPT2,2.36,qc,MPa,33.616
CPT2,2.37,fs,MPa,0.1689
CPT2,2.37,qc,MPa,34.311
CPT2,2.38,fs,MPa,0.1792
CPT2,2.38,qc,MPa,34.696
CPT2,2.39,fs,MPa,0.1822
CPT2,2.39,qc,MPa,35.638
CPT2,2.4,fs,MPa,0.1859
CPT2,2.4,qc,MPa,36.89
CPT2,2.41,fs,MPa,0.1907
CPT2,2.41,qc,MPa,38.213
CPT2,2.42,qc,MPa,39.551
CPT2,2.43,qc,MPa,40.471
CPT2,2.44,qc,MPa,41.105
CPT2,2.45,qc,MPa,41.938
CPT2,2.46,qc,MPa,42.269
CPT2,2.47,qc,MPa,42.859
CPT2,2.48,qc,MPa,43.023
CPT3,0.0,fs,MPa,0.0
CPT3,0.0,qc,MPa,0.0063
CPT3,0.01,fs,MPa,0.0
CPT3,0.01,qc,MPa,0.0063
CPT3,0.02,fs,MPa,0.0
CPT3,0.02,qc,MPa,0.0222
CPT3,0.03,fs,MPa,-5.421011e-20
CPT3,0.03,qc,MPa,0.0421
CPT3,0.04,fs,MPa,0.0001
CPT3,0.04,qc,MPa,0.0858
CPT3,0.05,fs,MPa,0.0001
CPT3,0.05,qc,MPa,0.1137
CPT3,0.06,fs,MPa,0.0001
CPT3,0.06,qc,MPa,0.1813
CPT3,0.07,fs,MPa,0.0001
CPT3,0.07,qc,MPa,0.2171
CPT3,0.08,fs,MPa,0.0001
CPT3,0.08,qc,MPa,0.2449
CPT3,0.09,fs,MPa,0.0002
CPT3,0.09,qc,MPa,0.3046
CPT3,0.1,fs,MPa,0.0003
CPT3,0.1,qc,MPa,0.3643
CPT3,0.11,fs,MPa,0.0005
CPT3,0.11,qc,MPa,0.4359
CPT3,0.12,fs,MPa,0.0005
CPT3,0.12,qc,MPa,0.4995
CPT3,0.13,fs,MPa,0.0007
CPT3,0.13,qc,MPa,0.591
CPT3,0.14,fs,MPa,0.0009
CPT3,0.14,qc,MPa,0.7382
CPT3,0.15,fs,MPa,0.0015
CPT3,0.15,qc,MPa,0.7978
CPT3,0.16,fs,MPa,0.0021
CPT3,0.16,qc,MPa,0.9092
CPT3,0.17,fs,MPa,0.0021
CPT3,0.17,qc,MPa,1.1399
CPT3,0.18,fs,MPa,0.0021
CPT3,0.18,qc,MPa,1.2433
CPT3,0.19,fs,MPa,0.0029
CPT3,0.19,qc,MPa,1.3428
CPT3,0.2,fs,MPa,0.0036
CPT3,0.2,qc,MPa,1.5417
CPT3,0.21,fs,MPa,0.004
CPT3,0.21,qc,MPa,1.6172
CPT3,0.22,fs,MPa,0.004
CPT3,0.22,qc,MPa,1.7127
CPT3,0.23,fs,MPa,0.0041
CPT3,0.23,qc,MPa,1.8957
CPT3,0.24,fs,MPa,0.0041
CPT3,0.24,qc,MPa,1.9832
CPT3,0.25,fs,MPa,0.0042
CPT3,0.25,qc,MPa,2.0747
CPT3,0.26,fs,MPa,0.0046
CPT3,0.26,qc,MPa,2.2338
CPT3,0.27,fs,MPa,0.0068
CPT3,0.27,qc,MPa,2.3133
CPT3,0.28,fs,MPa,0.0079
CPT3,0.28,qc,MPa,2.4048
CPT3,0.29,fs,MPa,0.0098
CPT3,0.29,qc,MPa,2.4844
CPT3,0.3,fs,MPa,0.0088
CPT3,0.3,qc,MPa,2.6355
CPT3,0.31,fs,MPa,0.0099
CPT3,0.31,qc,MPa,2.727
CPT3,0.32,fs,MPa,0.0088
CPT3,0.32,qc,MPa,2.8185
CPT3,0.33,fs,MPa,0.0099
CPT3,0.33,qc,MPa,3.0413
CPT3,0.34,fs,MPa,0.0095
CPT3,0.34,qc,MPa,3.1526
CPT3,0.35,fs,MPa,0.0101
CPT3,0.35,qc,MPa,3.272
CPT3,0.36,fs,MPa,0.0118
CPT3,0.36,qc,MPa,3.5942
CPT3,0.37,fs,MPa,0.0109
CPT3,0.37,qc,MPa,3.805
CPT3,0.38,fs,MPa,0.0119
CPT3,0.38,qc,MPa,4.0039
CPT3,0.39,fs,MPa,0.0129
CPT3,0.39,qc,MPa,4.3977
CPT3,0.4,fs,MPa,0.0141
CPT3,0.4,qc,MPa,4.5568
CPT3,0.41,fs,MPa,0.0146
CPT3,0.41,qc,MPa,4.9307
CPT3,0.42,fs,MPa,0.015
CPT3,0.42,qc,MPa,5.0818
CPT3,0.43,fs,MPa,0.015
CPT3,0.43,qc,MPa,5.3682
CPT3,0.44,fs,MPa,0.0155
CPT3,0.44,qc,MPa,5.4756
CPT3,0.45,fs,MPa,0.0161
CPT3,0.45,qc,MPa,5.6705
CPT3,0.46,fs,MPa,0.0184
CPT3,0.46,qc,MPa,5.9132
CPT3,0.47,fs,MPa,0.0194
CPT3,0.47,qc,MPa,5.9848
CPT3,0.48,fs,MPa,0.0204
CPT3,0.48,qc,MPa,6.1439
CPT3,0.49,fs,MPa,0.0234
CPT3,0.49,qc,MPa,6.2911
CPT3,0.5,fs,MPa,0.0247
CPT3,0.5,qc,MPa,6.307
CPT3,0.51,fs,MPa,0.0265
CPT3,0.51,qc,MPa,6.4382
CPT3,0.52,fs,MPa,0.0268
CPT3,0.52,qc,MPa,6.474
CPT3,0.53,fs,MPa,0.027
CPT3,0.53,qc,MPa,6.5456
CPT3,0.54,fs,MPa,0.027
CPT3,0.54,qc,MPa,6.6928
CPT3,0.55,fs,MPa,0.027
CPT3,0.55,qc,MPa,6.7923
CPT3,0.56,fs,MPa,0.027
CPT3,0.56,qc,MPa,6.9394
CPT3,0.57,fs,MPa,0.027
CPT3,0.57,qc,MPa,7.0866
CPT3,0.58,fs,MPa,0.027
CPT3,0.58,qc,MPa,7.3014
CPT3,0.59,fs,MPa,0.027
CPT3,0.59,qc,MPa,7.6077
CPT3,0.6,fs,MPa,0.027
CPT3,0.6,qc,MPa,7.9896
CPT3,0.61,fs,MPa,0.0276
CPT3,0.61,qc,MPa,8.3873
CPT3,0.62,fs,MPa,0.0292
CPT3,0.62,qc,MPa,8.8567
CPT3,0.63,fs,MPa,0.0297
CPT3,0.63,qc,MPa,9.2386
CPT3,0.64,fs,MPa,0.0302
CPT3,0.64,qc,MPa,9.5767
CPT3,0.65,fs,MPa,0.0304
CPT3,0.65,qc,MPa,9.8909
CPT3,0.66,fs,MPa,0.0305
CPT3,0.66,qc,MPa,10.097
CPT3,0.67,fs,MPa,0.0309
CPT3,0.67,qc,MPa,10.342
CPT3,0.68,fs,MPa,0.0386
CPT3,0.68,qc,MPa,10.398
CPT3,0.69,fs,MPa,0.041
CPT3,0.69,qc,MPa,10.481
CPT3,0.7,fs,MPa,0.0424
CPT3,0.7,qc,MPa,10.516
CPT3,0.71,fs,MPa,0.043
CPT3,0.71,qc,MPa,10.595
CPT3,0.72,fs,MPa,0.0433
CPT3,0.72,qc,MPa,10.635
CPT3,0.73,fs,MPa,0.0434
CPT3,0.73,qc,MPa,10.785
CPT3,0.74,fs,MPa,0.0434
CPT3,0.74,qc,MPa,10.864
CPT3,0.75,fs,MPa,0.0434
CPT3,0.75,qc,MPa,10.983
CPT3,0.76,fs,MPa,0.0436
CPT3,0.76,qc,MPa,11.153
CPT3,0.77,fs,MPa,0.0437
CPT3,0.77,qc,MPa,11.37
CPT3,0.78,fs,MPa,0.0438
CPT3,0.78,qc,MPa,11.639
CPT3,0.79,fs,MPa,0.044
CPT3,0.79,qc,MPa,12.003
CPT3,0.8,fs,MPa,0.0442
CPT3,0.8,qc,MPa,12.656
CPT3,0.81,fs,MPa,0.0465
CPT3,0.81,qc,MPa,12.928
CPT3,0.82,fs,MPa,0.0465
CPT3,0.82,qc,MPa,13.225
CPT3,0.83,fs,MPa,0.0486
CPT3,0.83,qc,MPa,13.403
CPT3,0.84,fs,MPa,0.0479
CPT3,0.84,qc,MPa,13.565
CPT3,0.85,fs,MPa,0.049
CPT3,0.85,qc,MPa,13.802
CPT3,0.86,fs,MPa,0.0502
CPT3,0.86,qc,MPa,13.869
CPT3,0.87,fs,MPa,0.0501
CPT3,0.87,qc,MPa,13.945
CPT3,0.88,fs,MPa,0.0509
CPT3,0.88,qc,MPa,13.925
CPT3,0.89,fs,MPa,0.0517
CPT3,0.89,qc,MPa,13.909
CPT3,0.9,fs,MPa,0.0533
CPT3,0.9,qc,MPa,13.921
CPT3,0.91,fs,MPa,0.055
CPT3,0.91,qc,MPa,13.858
CPT3,0.92,fs,MPa,0.0558
CPT3,0.92,qc,MPa,13.834
CPT3,0.93,fs,MPa,0.0562
CPT3,0.93,qc,MPa,13.8336
CPT3,0.94,fs,MPa,0.0566
CPT3,0.94,qc,MPa,13.8357
CPT3,0.95,fs,MPa,0.0566
CPT3,0.95,qc,MPa,13.8379
CPT3,0.96,fs,MPa,0.0566
CPT3,0.96,qc,MPa,13.85
CPT3,0.97,fs,MPa,0.0566
CPT3,0.97,qc,MPa,13.905
CPT3,0.98,fs,MPa,0.057
CPT3,0.98,qc,MPa,13.968
CPT3,0.99,fs,MPa,0.0573
CPT3,0.99,qc,MPa,14.225
CPT3,1.0,fs,MPa,0.0585
CPT3,1.0,qc,MPa,14.415
CPT3,1.01,fs,MPa,0.0612
CPT3,1.01,qc,MPa,15.143
CPT3,1.02,fs,MPa,0.0609
CPT3,1.02,qc,MPa,15.392
CPT3,1.03,fs,MPa,0.0614
CPT3,1.03,qc,MPa,15.676
CPT3,1.04,fs,MPa,0.0619
CPT3,1.04,qc,MPa,15.882
CPT3,1.05,fs,MPa,0.0657
CPT3,1.05,qc,MPa,16.08
CPT3,1.06,fs,MPa,0.0672
CPT3,1.06,qc,MPa,16.218
CPT3,1.07,fs,MPa,0.0688
CPT3,1.07,qc,MPa,16.325
CPT3,1.08,fs,MPa,0.0701
CPT3,1.08,qc,MPa,16.499
CPT3,1.09,fs,MPa,0.0699
CPT3,1.09,qc,MPa,16.018
CPT3,1.1,fs,MPa,0.0704
CPT3,1.1,qc,MPa,16.0148
CPT3,1.11,fs,MPa,0.0709
CPT3,1.11,qc,MPa,16.0148
CPT3,1.12,fs,MPa,0.0715
CPT3,1.12,qc,MPa,16.0149
CPT3,1.13,fs,MPa,0.0722
CPT3,1.13,qc,MPa,16.016
CPT3,1.14,fs,MPa,0.0721
CPT3,1.14,qc,MPa,16.024
CPT3,1.15,fs,MPa,0.0722
CPT3,1.15,qc,MPa,16.119
CPT3,1.16,fs,MPa,0.0722
CPT3,1.16,qc,MPa,16.131
CPT3,1.17,fs,MPa,0.0722
CPT3,1.17,qc,MPa,16.214
CPT3,1.18,fs,MPa,0.0722
CPT3,1.18,qc,MPa,16.463
CPT3,1.19,fs,MPa,0.0723
CPT3,1.19,qc,MPa,16.752
CPT3,1.2,fs,MPa,0.0724
CPT3,1.2,qc,MPa,17.029
CPT3,1.21,fs,MPa,0.0725
CPT3,1.21,qc,MPa,17.385
CPT3,1.22,fs,MPa,0.0729
CPT3,1.22,qc,MPa,17.725
CPT3,1.23,fs,MPa,0.0737
CPT3,1.23,qc,MPa,18.251
CPT3,1.24,fs,MPa,0.0752
CPT3,1.24,qc,MPa,18.535
CPT3,1.25,fs,MPa,0.0737
CPT3,1.25,qc,MPa,18.733
CPT3,1.26,fs,MPa,0.0753
CPT3,1.26,qc,MPa,18.883
CPT3,1.27,fs,MPa,0.0782
CPT3,1.27,qc,MPa,18.95
CPT3,1.28,fs,MPa,0.0797
CPT3,1.28,qc,MPa,19.037
CPT3,1.29,fs,MPa,0.0804
CPT3,1.29,qc,MPa,19.026
CPT3,1.3,fs,MPa,0.0804
CPT3,1.3,qc,MPa,19.034
CPT3,1.31,fs,MPa,0.0804
CPT3,1.31,qc,MPa,19.041
CPT3,1.32,fs,MPa,0.0804
CPT3,1.32,qc,MPa,19.037
CPT3,1.33,fs,MPa,0.0804
CPT3,1.33,qc,MPa,19.044
CPT3,1.34,fs,MPa,0.0807
CPT3,1.34,qc,MPa,19.05
CPT3,1.35,fs,MPa,0.0813
CPT3,1.35,qc,MPa,19.065
CPT3,1.36,fs,MPa,0.0814
CPT3,1.36,qc,MPa,19.128
CPT3,1.37,fs,MPa,0.0822
CPT3,1.37,qc,MPa,19.318
CPT3,1.38,fs,MPa,0.083
CPT3,1.38,qc,MPa,19.548
CPT3,1.39,fs,MPa,0.0858
CPT3,1.39,qc,MPa,19.737
CPT3,1.4,fs,MPa,0.0875
CPT3,1.4,qc,MPa,19.907
CPT3,1.41,fs,MPa,0.0873
CPT3,1.41,qc,MPa,20.375
CPT3,1.42,fs,MPa,0.0877
CPT3,1.42,qc,MPa,20.534
CPT3,1.43,fs,MPa,0.088
CPT3,1.43,qc,MPa,20.613
CPT3,1.44,fs,MPa,0.0892
CPT3,1.44,qc,MPa,20.748
CPT3,1.45,fs,MPa,0.0938
CPT3,1.45,qc,MPa,20.788
CPT3,1.46,fs,MPa,0.0948
CPT3,1.46,qc,MPa,20.796
CPT3,1.47,fs,MPa,0.0973
CPT3,1.47,qc,MPa,20.709
CPT3,1.48,fs,MPa,0.0984
CPT3,1.48,qc,MPa,20.566
CPT3,1.49,fs,MPa,0.0989
CPT3,1.49,qc,MPa,20.439
CPT3,1.5,fs,MPa,0.0989
CPT3,1.5,qc,MPa,20.316
CPT3,1.51,fs,MPa,0.0989
CPT3,1.51,qc,MPa,20.201
CPT3,1.52,fs,MPa,0.0983
CPT3,1.52,qc,MPa,20.09
CPT3,1.53,fs,MPa,0.0977
CPT3,1.53,qc,MPa,20.084
CPT3,1.54,fs,MPa,0.0965
CPT3,1.54,qc,MPa,20.0835
CPT3,1.55,fs,MPa,0.0973
CPT3,1.55,qc,MPa,20.0888
CPT3,1.56,fs,MPa,0.0956
CPT3,1.56,qc,MPa,20.0941
CPT3,1.57,fs,MPa,0.0931
CPT3,1.57,qc,MPa,20.105
CPT3,1.58,fs,MPa,0.0929
CPT3,1.58,qc,MPa,20.225
CPT3,1.59,fs,MPa,0.0928
CPT3,1.59,qc,MPa,20.76
CPT3,1.6,fs,MPa,0.0928
CPT3,1.6,qc,MPa,20.77
CPT3,1.61,fs,MPa,0.0931
CPT3,1.61,qc,MPa,20.78
CPT3,1.62,fs,MPa,0.0933
CPT3,1.62,qc,MPa,21.109
CPT3,1.63,fs,MPa,0.0938
CPT3,1.63,qc,MPa,21.419
CPT3,1.64,fs,MPa,0.0966
CPT3,1.64,qc,MPa,21.768
CPT3,1.65,fs,MPa,0.0982
CPT3,1.65,qc,MPa,21.883
CPT3,1.66,fs,MPa,0.0998
CPT3,1.66,qc,MPa,21.923
CPT3,1.67,fs,MPa,0.1005
CPT3,1.67,qc,MPa,21.84
CPT3,1.68,fs,MPa,0.1013
CPT3,1.68,qc,MPa,21.784
CPT3,1.69,fs,MPa,0.1017
CPT3,1.69,qc,MPa,21.693
CPT3,1.7,fs,MPa,0.1018
CPT3,1.7,qc,MPa,21.605
CPT3,1.71,fs,MPa,0.1019
CPT3,1.71,qc,MPa,21.455
CPT3,1.72,fs,MPa,0.1019
CPT3,1.72,qc,MPa,21.256
CPT3,1.73,fs,MPa,0.1019
CPT3,1.73,qc,MPa,21.193
CPT3,1.74,fs,MPa,0.1019
CPT3,1.74,qc,MPa,21.101
CPT3,1.75,fs,MPa,0.1018
CPT3,1.75,qc,MPa,21.0798
CPT3,1.76,fs,MPa,0.1016
CPT3,1.76,qc,MPa,21.0815
CPT3,1.77,fs,MPa,0.1008
CPT3,1.77,qc,MPa,21.0832
CPT3,1.78,fs,MPa,0.1003
CPT3,1.78,qc,MPa,21.095
CPT3,1.79,fs,MPa,0.0997
CPT3,1.79,qc,MPa,21.169
CPT3,1.8,fs,MPa,0.0992
CPT3,1.8,qc,MPa,21.32
CPT3,1.81,fs,MPa,0.099
CPT3,1.81,qc,MPa,21.59
CPT3,1.82,fs,MPa,0.099
CPT3,1.82,qc,MPa,21.935
CPT3,1.83,fs,MPa,0.099
CPT3,1.83,qc,MPa,22.316
CPT3,1.84,fs,MPa,0.0991
CPT3,1.84,qc,MPa,22.776
CPT3,1.85,fs,MPa,0.0996
CPT3,1.85,qc,MPa,23.717
CPT3,1.86,fs,MPa,0.1006
CPT3,1.86,qc,MPa,24.066
CPT3,1.87,fs,MPa,0.1038
CPT3,1.87,qc,MPa,24.391
CPT3,1.88,fs,MPa,0.1072
CPT3,1.88,qc,MPa,24.625
CPT3,1.89,fs,MPa,0.1096
CPT3,1.89,qc,MPa,25.014
CPT3,1.9,fs,MPa,0.1105
CPT3,1.9,qc,MPa,25.054
CPT3,1.91,fs,MPa,0.1114
CPT3,1.91,qc,MPa,25.038
CPT3,1.92,fs,MPa,0.1117
CPT3,1.92,qc,MPa,25.014
CPT3,1.93,fs,MPa,0.112
CPT3,1.93,qc,MPa,24.709
CPT3,1.94,fs,MPa,0.1119
CPT3,1.94,qc,MPa,24.621
CPT3,1.95,fs,MPa,0.1123
CPT3,1.95,qc,MPa,24.443
CPT3,1.96,fs,MPa,0.1124
CPT3,1.96,qc,MPa,24.205
CPT3,1.97,fs,MPa,0.1125
CPT3,1.97,qc,MPa,24.174
CPT3,1.98,fs,MPa,0.1125
CPT3,1.98,qc,MPa,24.1722
CPT3,1.99,fs,MPa,0.1125
CPT3,1.99,qc,MPa,24.1734
CPT3,2.0,fs,MPa,0.1119
CPT3,2.0,qc,MPa,24.1746
CPT3,2.01,fs,MPa,0.1106
CPT3,2.01,qc,MPa,24.177
CPT3,2.02,fs,MPa,0.1106
CPT3,2.02,qc,MPa,24.439
CPT3,2.03,fs,MPa,0.1106
CPT3,2.03,qc,MPa,25.506
CPT3,2.04,fs,MPa,0.1106
CPT3,2.04,qc,MPa,26.034
CPT3,2.05,fs,MPa,0.1106
CPT3,2.05,qc,MPa,26.475
CPT3,2.06,fs,MPa,0.1144
CPT3,2.06,qc,MPa,26.855
CPT3,2.07,fs,MPa,0.1248
CPT3,2.07,qc,MPa,27.518
CPT3,2.08,fs,MPa,0.1245
CPT3,2.08,qc,MPa,27.82
CPT3,2.09,fs,MPa,0.1287
CPT3,2.09,qc,MPa,27.971
CPT3,2.1,fs,MPa,0.1273
CPT3,2.1,qc,MPa,28.094
CPT3,2.11,fs,MPa,0.1296
CPT3,2.11,qc,MPa,27.998
CPT3,2.12,fs,MPa,0.1318
CPT3,2.12,qc,MPa,27.947
CPT3,2.13,fs,MPa,0.1322
CPT3,2.13,qc,MPa,27.804
CPT3,2.14,fs,MPa,0.1323
CPT3,2.14,qc,MPa,27.518
CPT3,2.15,fs,MPa,0.1323
CPT3,2.15,qc,MPa,27.5145
CPT3,2.16,fs,MPa,0.1323
CPT3,2.16,qc,MPa,27.5248
CPT3,2.17,fs,MPa,0.1323
CPT3,2.17,qc,MPa,27.535
CPT3,2.18,fs,MPa,0.1324
CPT3,2.18,qc,MPa,27.597
CPT3,2.19,fs,MPa,0.1324
CPT3,2.19,qc,MPa,27.725
CPT3,2.2,fs,MPa,0.1326
CPT3,2.2,qc,MPa,28.435
CPT3,2.21,fs,MPa,0.1331
CPT3,2.21,qc,MPa,29.439
CPT3,2.22,fs,MPa,0.1339
CPT3,2.22,qc,MPa,30.002
CPT3,2.23,fs,MPa,0.136
CPT3,2.23,qc,MPa,30.924
CPT3,2.24,fs,MPa,0.138
CPT3,2.24,qc,MPa,31.377
CPT3,2.25,fs,MPa,0.1383
CPT3,2.25,qc,MPa,32.1
CPT3,2.26,fs,MPa,0.1399
CPT3,2.26,qc,MPa,32.311
CPT3,2.27,fs,MPa,0.1442
CPT3,2.27,qc,MPa,32.72
CPT3,2.28,fs,MPa,0.1466
CPT3,2.28,qc,MPa,32.903
CPT3,2.29,fs,MPa,0.1547
CPT3,2.29,qc,MPa,32.982
CPT3,2.3,fs,MPa,0.159
CPT3,2.3,qc,MPa,33.01
CPT3,2.31,fs,MPa,0.1645
CPT3,2.31,qc,MPa,33.01
CPT3,2.32,fs,MPa,0.1672
CPT3,2.32,qc,MPa,33.042
CPT3,2.33,fs,MPa,0.1699
CPT3,2.33,qc,MPa,33.042
CPT3,2.34,fs,MPa,0.1697
CPT3,2.34,qc,MPa,33.127
CPT3,2.35,fs,MPa,0.1716
CPT3,2.35,qc,MPa,33.212
CPT3,2.36,fs,MPa,0.1736
CPT3,2.36,qc,MPa,33.348
CPT3,2.37,qc,MPa,33.491
CPT3,2.38,qc,MPa,33.824
CPT3,2.39,qc,MPa,34.039
CPT3,2.4,qc,MPa,34.766
CPT3,2.41,qc,MPa,35.362
CPT3,2.42,qc,MPa,36.776
CPT3,2.43,qc,MPa,38.183
CPT4,0.0,fs,MPa,0.0
CPT4,0.0,qc,MPa,0.0
CPT4,0.01,fs,MPa,0.0
CPT4,0.01,qc,MPa,0.004
CPT4,0.02,fs,MPa,0.0001
CPT4,0.02,qc,MPa,0.008
CPT4,0.03,fs,MPa,0.0002
CPT4,0.03,qc,MPa,0.0278
CPT4,0.04,fs,MPa,0.0003
CPT4,0.04,qc,MPa,0.0517
CPT4,0.05,fs,MPa,0.0007
CPT4,0.05,qc,MPa,0.1074
CPT4,0.06,fs,MPa,0.0013
CPT4,0.06,qc,MPa,0.1432
CPT4,0.07,fs,MPa,0.0027
CPT4,0.07,qc,MPa,0.2068
CPT4,0.08,fs,MPa,0.0026
CPT4,0.08,qc,MPa,0.2466
CPT4,0.09,fs,MPa,0.0028
CPT4,0.09,qc,MPa,0.3063
CPT4,0.1,fs,MPa,0.0037
CPT4,0.1,qc,MPa,0.3461001
CPT4,0.11,fs,MPa,0.0038
CPT4,0.11,qc,MPa,0.3978
CPT4,0.12,fs,MPa,0.0039
CPT4,0.12,qc,MPa,0.4495
CPT4,0.13,fs,MPa,0.0048
CPT4,0.13,qc,MPa,0.5529
CPT4,0.14,fs,MPa,0.0049
CPT4,0.14,qc,MPa,0.6126
CPT4,0.15,fs,MPa,0.005
CPT4,0.15,qc,MPa,0.6802
CPT4,0.16,fs,MPa,0.0052
CPT4,0.16,qc,MPa,0.7438
CPT4,0.17,fs,MPa,0.0053
CPT4,0.17,qc,MPa,0.8154
CPT4,0.18,fs,MPa,0.0057
CPT4,0.18,qc,MPa,0.9825
CPT4,0.19,fs,MPa,0.0061
CPT4,0.19,qc,MPa,1.078
CPT4,0.2,fs,MPa,0.0062
CPT4,0.2,qc,MPa,1.1973
CPT4,0.21,fs,MPa,0.0064
CPT4,0.21,qc,MPa,1.3484
CPT4,0.22,fs,MPa,0.0064
CPT4,0.22,qc,MPa,1.4638
CPT4,0.23,fs,MPa,0.0081
CPT4,0.23,qc,MPa,1.7263
CPT4,0.24,fs,MPa,0.007700004
CPT4,0.24,qc,MPa,1.865599
CPT4,0.25,fs,MPa,0.008599991
CPT4,0.25,qc,MPa,2.132097
CPT4,0.26,fs,MPa,0.008400002
CPT4,0.26,qc,MPa,2.263299
CPT4,0.27,fs,MPa,0.0096
CPT4,0.27,qc,MPa,2.3349
CPT4,0.28,fs,MPa,0.0098
CPT4,0.28,qc,MPa,2.4622
CPT4,0.29,fs,MPa,0.0103
CPT4,0.29,qc,MPa,2.4622
CPT4,0.3,fs,MPa,0.0108
CPT4,0.3,qc,MPa,2.5457
CPT4,0.31,fs,MPa,0.0114
CPT4,0.31,qc,MPa,2.6452
CPT4,0.32,fs,MPa,0.0118
CPT4,0.32,qc,MPa,2.7605
CPT4,0.33,fs,MPa,0.0121
CPT4,0.33,qc,MPa,2.9276
CPT4,0.34,fs,MPa,0.0121
CPT4,0.34,qc,MPa,2.9952
CPT4,0.35,fs,MPa,0.0122
CPT4,0.35,qc,MPa,3.0748
CPT4,0.36,fs,MPa,0.0129
CPT4,0.36,qc,MPa,3.2498
CPT4,0.37,fs,MPa,0.0137
CPT4,0.37,qc,MPa,3.325403
CPT4,0.38,fs,MPa,0.0138
CPT4,0.38,qc,MPa,3.591902
CPT4,0.39,fs,MPa,0.01390001
CPT4,0.39,qc,MPa,3.759004
CPT4,0.4,fs,MPa,0.01450001
CPT4,0.4,qc,MPa,4.156702
CPT4,0.41,fs,MPa,0.01500003
CPT4,0.41,qc,MPa,4.335703
CPT4,0.42,fs,MPa,0.018
CPT4,0.42,qc,MPa,4.681803
CPT4,0.43,fs,MPa,0.018
CPT4,0.43,qc,MPa,5.000001
CPT4,0.44,fs,MPa,0.0181
CPT4,0.44,qc,MPa,5.127303
CPT4,0.45,fs,MPa,0.01850001
CPT4,0.45,qc,MPa,5.381902
CPT4,0.46,fs,MPa,0.01920002
CPT4,0.46,qc,MPa,5.556902
CPT4,0.47,fs,MPa,0.0209
CPT4,0.47,qc,MPa,5.708001
CPT4,0.48,fs,MPa,0.02080003
CPT4,0.48,qc,MPa,5.771702
CPT4,0.49,fs,MPa,0.02220003
CPT4,0.49,qc,MPa,5.875101
CPT4,0.5,fs,MPa,0.02360001
CPT4,0.5,qc,MPa,5.926802
CPT4,0.51,fs,MPa,0.02390004
CPT4,0.51,qc,MPa,6.002401
CPT4,0.52,fs,MPa,0.0261
CPT4,0.52,qc,MPa,6.050102
CPT4,0.53,fs,MPa,0.0262
CPT4,0.53,qc,MPa,6.157502
CPT4,0.54,fs,MPa,0.0262
CPT4,0.54,qc,MPa,6.260901
CPT4,0.55,fs,MPa,0.0262
CPT4,0.55,qc,MPa,6.312603
CPT4,0.56,fs,MPa,0.0262
CPT4,0.56,qc,MPa,6.447903
CPT4,0.57,fs,MPa,0.0263
CPT4,0.57,qc,MPa,6.587104
CPT4,0.58,fs,MPa,0.0264
CPT4,0.58,qc,MPa,6.766103
CPT4,0.59,fs,MPa,0.0265
CPT4,0.59,qc,MPa,6.86161
CPT4,0.6,fs,MPa,0.0266
CPT4,0.6,qc,MPa,7.187707
CPT4,0.61,fs,MPa,0.02670002
CPT4,0.61,qc,MPa,7.422414
CPT4,0.62,fs,MPa,0.02750002
CPT4,0.62,qc,MPa,7.903708
CPT4,0.63,fs,MPa,0.02820002
CPT4,0.63,qc,MPa,8.182212
CPT4,0.64,fs,MPa,0.02870007
CPT4,0.64,qc,MPa,8.587908
CPT4,0.65,fs,MPa,0.03100007
CPT4,0.65,qc,MPa,8.838506
CPT4,0.66,fs,MPa,0.03340009
CPT4,0.66,qc,MPa,9.037407
CPT4,0.67,fs,MPa,0.0364
CPT4,0.67,qc,MPa,9.280001
CPT4,0.68,fs,MPa,0.0365001
CPT4,0.68,qc,MPa,9.323805
CPT4,0.69,fs,MPa,0.0390001
CPT4,0.69,qc,MPa,9.451103
CPT4,0.7,fs,MPa,0.04150002
CPT4,0.7,qc,MPa,9.534602
CPT4,0.71,fs,MPa,0.04200002
CPT4,0.71,qc,MPa,9.574402
CPT4,0.72,fs,MPa,0.04260002
CPT4,0.72,qc,MPa,9.618106
CPT4,0.73,fs,MPa,0.04320002
CPT4,0.73,qc,MPa,9.761303
CPT4,0.74,fs,MPa,0.04370002
CPT4,0.74,qc,MPa,9.844905
CPT4,0.75,fs,MPa,0.04420002
CPT4,0.75,qc,MPa,9.972213
CPT4,0.76,fs,MPa,0.04470002
CPT4,0.76,qc,MPa,10.30051
CPT4,0.77,fs,MPa,0.0452
CPT4,0.77,qc,MPa,10.47052
CPT4,0.78,fs,MPa,0.0453
CPT4,0.78,qc,MPa,11.032
CPT4,0.79,fs,MPa,0.04530006
CPT4,0.79,qc,MPa,10.98462
CPT4,0.8,fs,MPa,0.04640006
CPT4,0.8,qc,MPa,11.44333
CPT4,0.81,fs,MPa,0.04760001
CPT4,0.81,qc,MPa,11.96521
CPT4,0.82,fs,MPa,0.04780024
CPT4,0.82,qc,MPa,12.2618
CPT4,0.83,fs,MPa,0.05249994
CPT4,0.83,qc,MPa,12.36061
CPT4,0.84,fs,MPa,0.05120007
CPT4,0.84,qc,MPa,12.6018
CPT4,0.85,fs,MPa,0.05260002
CPT4,0.85,qc,MPa,12.6651
CPT4,0.86,fs,MPa,0.05300001
CPT4,0.86,qc,MPa,12.7323
CPT4,0.87,fs,MPa,0.05320001
CPT4,0.87,qc,MPa,12.7995
CPT4,0.88,fs,MPa,0.05329998
CPT4,0.88,qc,MPa,12.8667
CPT4,0.89,fs,MPa,0.05299998
CPT4,0.89,qc,MPa,12.8509
CPT4,0.9,fs,MPa,0.05269996
CPT4,0.9,qc,MPa,12.8114
CPT4,0.91,fs,MPa,0.05209992
CPT4,0.91,qc,MPa,12.8035
CPT4,0.92,fs,MPa,0.05079998
CPT4,0.92,qc,MPa,12.7284
CPT4,0.93,fs,MPa,0.05049998
CPT4,0.93,qc,MPa,12.7283
CPT4,0.94,fs,MPa,0.05009999
CPT4,0.94,qc,MPa,12.7284
CPT4,0.95,fs,MPa,0.05
CPT4,0.95,qc,MPa,12.7286
CPT4,0.96,fs,MPa,0.05
CPT4,0.96,qc,MPa,12.7388
CPT4,0.97,fs,MPa,0.05
CPT4,0.97,qc,MPa,12.76
CPT4,0.98,fs,MPa,0.05000002
CPT4,0.98,qc,MPa,12.79951
CPT4,0.99,fs,MPa,0.0504001
CPT4,0.99,qc,MPa,12.95772
CPT4,1.0,fs,MPa,0.05199996
CPT4,1.0,qc,MPa,13.33732
CPT4,1.01,fs,MPa,0.05150015
CPT4,1.01,qc,MPa,13.59043
CPT4,1.02,fs,MPa,0.05300012
CPT4,1.02,qc,MPa,13.93444
CPT4,1.03,fs,MPa,0.0541999
CPT4,1.03,qc,MPa,14.30214
CPT4,1.04,fs,MPa,0.05320034
CPT4,1.04,qc,MPa,14.72918
CPT4,1.05,fs,MPa,0.05660036
CPT4,1.05,qc,MPa,15.49624
CPT4,1.06,fs,MPa,0.06020026
CPT4,1.06,qc,MPa,15.85613
CPT4,1.07,fs,MPa,0.06279997
CPT4,1.07,qc,MPa,16.15262
CPT4,1.08,fs,MPa,0.0625003
CPT4,1.08,qc,MPa,16.38591
CPT4,1.09,fs,MPa,0.0655002
CPT4,1.09,qc,MPa,16.52831
CPT4,1.1,fs,MPa,0.06750022
CPT4,1.1,qc,MPa,16.62712
CPT4,1.11,fs,MPa,0.06970008
CPT4,1.11,qc,MPa,16.8169
CPT4,1.12,fs,MPa,0.07050009
CPT4,1.12,qc,MPa,16.8327
CPT4,1.13,fs,MPa,0.07140001
CPT4,1.13,qc,MPa,16.8644
CPT4,1.14,fs,MPa,0.0715
CPT4,1.14,qc,MPa,16.8565
CPT4,1.15,fs,MPa,0.0715
CPT4,1.15,qc,MPa,16.88811
CPT4,1.16,fs,MPa,0.07150001
CPT4,1.16,qc,MPa,17.00671
CPT4,1.17,fs,MPa,0.07160001
CPT4,1.17,qc,MPa,17.08185
CPT4,1.18,fs,MPa,0.07170004
CPT4,1.18,qc,MPa,17.54843
CPT4,1.19,fs,MPa,0.07210014
CPT4,1.19,qc,MPa,17.84904
CPT4,1.2,fs,MPa,0.0735001
CPT4,1.2,qc,MPa,18.21673
CPT4,1.21,fs,MPa,0.07450003
CPT4,1.21,qc,MPa,18.54493
CPT4,1.22,fs,MPa,0.07480003
CPT4,1.22,qc,MPa,18.82962
CPT4,1.23,fs,MPa,0.07510001
CPT4,1.23,qc,MPa,19.03522
CPT4,1.24,fs,MPa,0.07520001
CPT4,1.24,qc,MPa,19.23292
CPT4,1.25,fs,MPa,0.07530015
CPT4,1.25,qc,MPa,19.38321
CPT4,1.26,fs,MPa,0.07680016
CPT4,1.26,qc,MPa,19.4899
CPT4,1.27,fs,MPa,0.0784006
CPT4,1.27,qc,MPa,19.44249
CPT4,1.28,fs,MPa,0.08440026
CPT4,1.28,qc,MPa,19.35549
CPT4,1.29,fs,MPa,0.08700006
CPT4,1.29,qc,MPa,19.27639
CPT4,1.3,fs,MPa,0.08760001
CPT4,1.3,qc,MPa,19.20519
CPT4,1.31,fs,MPa,0.0877
CPT4,1.31,qc,MPa,19.07469
CPT4,1.32,fs,MPa,0.08769998
CPT4,1.32,qc,MPa,19.00356
CPT4,1.33,fs,MPa,0.08749999
CPT4,1.33,qc,MPa,18.5963
CPT4,1.34,fs,MPa,0.08739974
CPT4,1.34,qc,MPa,18.5955
CPT4,1.35,fs,MPa,0.08479975
CPT4,1.35,qc,MPa,18.5979
CPT4,1.36,fs,MPa,0.08229998
CPT4,1.36,qc,MPa,18.6003
CPT4,1.37,fs,MPa,0.08209999
CPT4,1.37,qc,MPa,18.6116
CPT4,1.38,fs,MPa,0.082
CPT4,1.38,qc,MPa,18.65952
CPT4,1.39,fs,MPa,0.082
CPT4,1.39,qc,MPa,18.85332
CPT4,1.4,fs,MPa,0.082
CPT4,1.4,qc,MPa,19.09453
CPT4,1.41,fs,MPa,0.082
CPT4,1.41,qc,MPa,19.37925
CPT4,1.42,fs,MPa,0.08200006
CPT4,1.42,qc,MPa,19.86561
CPT4,1.43,fs,MPa,0.08260011
CPT4,1.43,qc,MPa,19.97631
CPT4,1.44,fs,MPa,0.0837001
CPT4,1.44,qc,MPa,20.0635
CPT4,1.45,fs,MPa,0.08470008
CPT4,1.45,qc,MPa,20.05949
CPT4,1.46,fs,MPa,0.08550004
CPT4,1.46,qc,MPa,19.9842
CPT4,1.47,fs,MPa,0.08590001
CPT4,1.47,qc,MPa,19.98019
CPT4,1.48,fs,MPa,0.08600001
CPT4,1.48,qc,MPa,19.89319
CPT4,1.49,fs,MPa,0.0861
CPT4,1.49,qc,MPa,19.76277
CPT4,1.5,fs,MPa,0.08610002
CPT4,1.5,qc,MPa,19.44249
CPT4,1.51,fs,MPa,0.08630003
CPT4,1.51,qc,MPa,19.31199
CPT4,1.52,fs,MPa,0.08660001
CPT4,1.52,qc,MPa,19.20919
CPT4,1.53,fs,MPa,0.08669998
CPT4,1.53,qc,MPa,19.08659
CPT4,1.54,fs,MPa,0.08649999
CPT4,1.54,qc,MPa,18.968
CPT4,1.55,fs,MPa,0.08639997
CPT4,1.55,qc,MPa,18.9561
CPT4,1.56,fs,MPa,0.08609987
CPT4,1.56,qc,MPa,18.9517
CPT4,1.57,fs,MPa,0.0847997
CPT4,1.57,qc,MPa,18.951
CPT4,1.58,fs,MPa,0.08179986
CPT4,1.58,qc,MPa,18.95101
CPT4,1.59,fs,MPa,0.08039998
CPT4,1.59,qc,MPa,19.00591
CPT4,1.6,fs,MPa,0.08019999
CPT4,1.6,qc,MPa,19.06082
CPT4,1.61,fs,MPa,0.0801
CPT4,1.61,qc,MPa,19.28435
CPT4,1.62,fs,MPa,0.0801
CPT4,1.62,qc,MPa,19.77466
CPT4,1.63,fs,MPa,0.08010001
CPT4,1.63,qc,MPa,20.33335
CPT4,1.64,fs,MPa,0.08020037
CPT4,1.64,qc,MPa,20.86516
CPT4,1.65,fs,MPa,0.08389994
CPT4,1.65,qc,MPa,21.50003
CPT4,1.66,fs,MPa,0.0833001
CPT4,1.66,qc,MPa,21.78173
CPT4,1.67,fs,MPa,0.0843004
CPT4,1.67,qc,MPa,22.10322
CPT4,1.68,fs,MPa,0.0883004
CPT4,1.68,qc,MPa,22.30951
CPT4,1.69,fs,MPa,0.09230022
CPT4,1.69,qc,MPa,22.3889
CPT4,1.7,fs,MPa,0.09450053
CPT4,1.7,qc,MPa,22.377
CPT4,1.71,fs,MPa,0.0998
CPT4,1.71,qc,MPa,22.37299
CPT4,1.72,fs,MPa,0.0998
CPT4,1.72,qc,MPa,22.26589
CPT4,1.73,fs,MPa,0.0998
CPT4,1.73,qc,MPa,22.16668
CPT4,1.74,fs,MPa,0.0998
CPT4,1.74,qc,MPa,21.99599
CPT4,1.75,fs,MPa,0.0998
CPT4,1.75,qc,MPa,21.89289
CPT4,1.76,fs,MPa,0.09979999
CPT4,1.76,qc,MPa,21.7976
CPT4,1.77,fs,MPa,0.09969979
CPT4,1.77,qc,MPa,21.7955
CPT4,1.78,fs,MPa,0.0975998
CPT4,1.78,qc,MPa,21.7969
CPT4,1.79,fs,MPa,0.09559998
CPT4,1.79,qc,MPa,21.7984
CPT4,1.8,fs,MPa,0.09539999
CPT4,1.8,qc,MPa,21.8091
CPT4,1.81,fs,MPa,0.09529997
CPT4,1.81,qc,MPa,21.85522
CPT4,1.82,fs,MPa,0.095
CPT4,1.82,qc,MPa,22.04363
CPT4,1.83,fs,MPa,0.095
CPT4,1.83,qc,MPa,22.32144
CPT4,1.84,fs,MPa,0.095
CPT4,1.84,qc,MPa,22.72624
CPT4,1.85,fs,MPa,0.095
CPT4,1.85,qc,MPa,23.14298
CPT4,1.86,fs,MPa,0.09500014
CPT4,1.86,qc,MPa,23.94443
CPT4,1.87,fs,MPa,0.0964002
CPT4,1.87,qc,MPa,24.24213
CPT4,1.88,fs,MPa,0.0984002
CPT4,1.88,qc,MPa,24.49211
CPT4,1.89,fs,MPa,0.1004007
CPT4,1.89,qc,MPa,24.63891
CPT4,1.9,fs,MPa,0.1077
CPT4,1.9,qc,MPa,24.7698
CPT4,1.91,fs,MPa,0.1078004
CPT4,1.91,qc,MPa,24.754
CPT4,1.92,fs,MPa,0.1119001
CPT4,1.92,qc,MPa,24.74209
CPT4,1.93,fs,MPa,0.1126
CPT4,1.93,qc,MPa,24.69049
CPT4,1.94,fs,MPa,0.1128004
CPT4,1.94,qc,MPa,24.57539
CPT4,1.95,fs,MPa,0.1163007
CPT4,1.95,qc,MPa,24.50396
CPT4,1.96,fs,MPa,0.1198001
CPT4,1.96,qc,MPa,24.32535
CPT4,1.97,fs,MPa,0.1202001
CPT4,1.97,qc,MPa,24.07538
CPT4,1.98,fs,MPa,0.1206001
CPT4,1.98,qc,MPa,23.99207
CPT4,1.99,fs,MPa,0.121
CPT4,1.99,qc,MPa,23.84918
CPT4,2.0,fs,MPa,0.1212
CPT4,2.0,qc,MPa,23.74997
CPT4,2.01,fs,MPa,0.1212
CPT4,2.01,qc,MPa,23.6151
CPT4,2.02,fs,MPa,0.1211
CPT4,2.02,qc,MPa,23.6045
CPT4,2.03,fs,MPa,0.1211
CPT4,2.03,qc,MPa,23.6035
CPT4,2.04,fs,MPa,0.1206998
CPT4,2.04,qc,MPa,23.6045
CPT4,2.05,fs,MPa,0.1191
CPT4,2.05,qc,MPa,23.6055
CPT4,2.06,fs,MPa,0.1189
CPT4,2.06,qc,MPa,23.62707
CPT4,2.07,fs,MPa,0.1189
CPT4,2.07,qc,MPa,24.31754
CPT4,2.08,fs,MPa,0.1189
CPT4,2.08,qc,MPa,24.71442
CPT4,2.09,fs,MPa,0.119
CPT4,2.09,qc,MPa,25.29374
CPT4,2.1,fs,MPa,0.1192006
CPT4,2.1,qc,MPa,25.99996
CPT4,2.11,fs,MPa,0.1222
CPT4,2.11,qc,MPa,25.79393
CPT4,2.12,fs,MPa,0.1224019
CPT4,2.12,qc,MPa,27.43666
CPT4,2.13,fs,MPa,0.1321005
CPT4,2.13,qc,MPa,28.24609
CPT4,2.14,fs,MPa,0.1346008
CPT4,2.14,qc,MPa,28.69441
CPT4,2.15,fs,MPa,0.1384005
CPT4,2.15,qc,MPa,28.75407
CPT4,2.16,fs,MPa,0.1410001
CPT4,2.16,qc,MPa,29.09132
CPT4,2.17,fs,MPa,0.1416
CPT4,2.17,qc,MPa,29.18651
CPT4,2.18,fs,MPa,0.1418
CPT4,2.18,qc,MPa,29.25791
CPT4,2.19,fs,MPa,0.1419
CPT4,2.19,qc,MPa,29.32542
CPT4,2.2,fs,MPa,0.1419
CPT4,2.2,qc,MPa,29.42862
CPT4,2.21,fs,MPa,0.1419
CPT4,2.21,qc,MPa,29.53185
CPT4,2.22,fs,MPa,0.1419
CPT4,2.22,qc,MPa,29.78973
CPT4,2.23,fs,MPa,0.142
CPT4,2.23,qc,MPa,29.92469
CPT4,2.24,fs,MPa,0.142
CPT4,2.24,qc,MPa,30.38558
CPT4,2.25,fs,MPa,0.1422001
CPT4,2.25,qc,MPa,31.26349
CPT4,2.26,fs,MPa,0.142501
CPT4,2.26,qc,MPa,31.70059
CPT4,2.27,fs,MPa,0.1472992
CPT4,2.27,qc,MPa,32.65409
CPT4,2.28,fs,MPa,0.1431022
CPT4,2.28,qc,MPa,33.11095
CPT4,2.29,fs,MPa,0.154001
CPT4,2.29,qc,MPa,33.87376
CPT4,2.3,fs,MPa,0.1588012
CPT4,2.3,qc,MPa,34.16376
CPT4,2.31,fs,MPa,0.1649008
CPT4,2.31,qc,MPa,34.44591
CPT4,2.32,fs,MPa,0.1688031
CPT4,2.32,qc,MPa,34.994
CPT4,2.33,fs,MPa,0.1843998
CPT4,2.33,qc,MPa,34.99805
CPT4,2.34,fs,MPa,0.1832003
CPT4,2.34,qc,MPa,35.23241
CPT4,2.35,fs,MPa,0.1845001
CPT4,2.35,qc,MPa,35.296
CPT4,2.36,fs,MPa,0.1851
CPT4,2.36,qc,MPa,35.27611
CPT4,2.37,fs,MPa,0.1852
CPT4,2.37,qc,MPa,35.30591
CPT4,2.38,fs,MPa,0.1853
CPT4,2.38,qc,MPa,35.33573
CPT4,2.39,fs,MPa,0.1853
CPT4,2.39,qc,MPa,35.46688
CPT4,2.4,fs,MPa,0.1853
CPT4,2.4,qc,MPa,35.8841
CPT4,2.41,fs,MPa,0.1853
CPT4,2.41,qc,MPa,36.40868
CPT4,2.42,fs,MPa,0.1852003
CPT4,2.42,qc,MPa,37.81895
CPT4,2.43,qc,MPa,38.586
CPT4,2.44,qc,MPa,40.58228
CPT4,2.45,qc,MPa,41.49153
CPT4,2.46,qc,MPa,43.12214
CPT4,2.47,qc,MPa,43.83991
CPT4,2.48,qc,MPa,44.90838
CPT4,2.49,qc,MPa,45.3232
CPT5,0.0,fs,MPa,0.0
CPT5,0.0,qc,MPa,0.0004
CPT5,0.01,fs,MPa,0.0
CPT5,0.01,qc,MPa,0.0044
CPT5,0.02,fs,MPa,0.0
CPT5,0.02,qc,MPa,0.0084
CPT5,0.03,fs,MPa,0.0001
CPT5,0.03,qc,MPa,0.0243
CPT5,0.04,fs,MPa,0.0002
CPT5,0.04,qc,MPa,0.076
CPT5,0.05,fs,MPa,0.0004
CPT5,0.05,qc,MPa,0.1118
CPT5,0.06,fs,MPa,0.0007
CPT5,0.06,qc,MPa,0.1555
CPT5,0.07,fs,MPa,0.0015
CPT5,0.07,qc,MPa,0.1993
CPT5,0.08,fs,MPa,0.0016
CPT5,0.08,qc,MPa,0.2868
CPT5,0.09,fs,MPa,0.0023
CPT5,0.09,qc,MPa,0.3385
CPT5,0.1,fs,MPa,0.0027
CPT5,0.1,qc,MPa,0.3942
CPT5,0.11,fs,MPa,0.003
CPT5,0.11,qc,MPa,0.4419
CPT5,0.12,fs,MPa,0.003
CPT5,0.12,qc,MPa,0.5652
CPT5,0.13,fs,MPa,0.003
CPT5,0.13,qc,MPa,0.6209
CPT5,0.14,fs,MPa,0.0031
CPT5,0.14,qc,MPa,0.6806
CPT5,0.15,fs,MPa,0.0032
CPT5,0.15,qc,MPa,0.7522
CPT5,0.16,fs,MPa,0.0035
CPT5,0.16,qc,MPa,0.8397
CPT5,0.17,fs,MPa,0.0042
CPT5,0.17,qc,MPa,1.0744
CPT5,0.18,fs,MPa,0.0052
CPT5,0.18,qc,MPa,1.321
CPT5,0.19,fs,MPa,0.0043
CPT5,0.19,qc,MPa,1.4165
CPT5,0.2,fs,MPa,0.0052
CPT5,0.2,qc,MPa,1.5955
CPT5,0.21,fs,MPa,0.0064
CPT5,0.21,qc,MPa,1.6949
CPT5,0.22,fs,MPa,0.0068
CPT5,0.22,qc,MPa,1.7745
CPT5,0.23,fs,MPa,0.0068
CPT5,0.23,qc,MPa,1.9495
CPT5,0.24,fs,MPa,0.0068
CPT5,0.24,qc,MPa,2.040999
CPT5,0.25,fs,MPa,0.006899999
CPT5,0.25,qc,MPa,2.100599
CPT5,0.26,fs,MPa,0.0069
CPT5,0.26,qc,MPa,2.176199
CPT5,0.27,fs,MPa,0.0069
CPT5,0.27,qc,MPa,2.2518
CPT5,0.28,fs,MPa,0.0069
CPT5,0.28,qc,MPa,2.3194
CPT5,0.29,fs,MPa,0.007
CPT5,0.29,qc,MPa,2.4745
CPT5,0.3,fs,MPa,0.0074
CPT5,0.3,qc,MPa,2.566
CPT5,0.31,fs,MPa,0.0083
CPT5,0.31,qc,MPa,2.6535
CPT5,0.32,fs,MPa,0.0077
CPT5,0.32,qc,MPa,2.7928
CPT5,0.33,fs,MPa,0.0097
CPT5,0.33,qc,MPa,3.0752
CPT5,0.34,fs,MPa,0.0084
CPT5,0.34,qc,MPa,3.2422
CPT5,0.35,fs,MPa,0.0102
CPT5,0.35,qc,MPa,3.4372
CPT5,0.36,fs,MPa,0.0129
CPT5,0.36,qc,MPa,3.8309
CPT5,0.37,fs,MPa,0.01290002
CPT5,0.37,qc,MPa,4.002002
CPT5,0.38,fs,MPa,0.01480001
CPT5,0.38,qc,MPa,4.169103
CPT5,0.39,fs,MPa,0.01580001
CPT5,0.39,qc,MPa,4.439501
CPT5,0.4,fs,MPa,0.0165
CPT5,0.4,qc,MPa,4.535001
CPT5,0.41,fs,MPa,0.01640002
CPT5,0.41,qc,MPa,4.682201
CPT5,0.42,fs,MPa,0.0179
CPT5,0.42,qc,MPa,4.745801
CPT5,0.43,fs,MPa,0.0182
CPT5,0.43,qc,MPa,4.8492
CPT5,0.44,fs,MPa,0.0183
CPT5,0.44,qc,MPa,4.877101
CPT5,0.45,fs,MPa,0.0184
CPT5,0.45,qc,MPa,4.976501
CPT5,0.46,fs,MPa,0.0184
CPT5,0.46,qc,MPa,5.032201
CPT5,0.47,fs,MPa,0.0186
CPT5,0.47,qc,MPa,5.123702
CPT5,0.48,fs,MPa,0.01870004
CPT5,0.48,qc,MPa,5.199301
CPT5,0.49,fs,MPa,0.02060001
CPT5,0.49,qc,MPa,5.270903
CPT5,0.5,fs,MPa,0.021
CPT5,0.5,qc,MPa,5.406101
CPT5,0.51,fs,MPa,0.0211
CPT5,0.51,qc,MPa,5.469801
CPT5,0.52,fs,MPa,0.0211
CPT5,0.52,qc,MPa,5.529404
CPT5,0.53,fs,MPa,0.0211
CPT5,0.53,qc,MPa,5.720401
CPT5,0.54,fs,MPa,0.0211
CPT5,0.54,qc,MPa,5.788005
CPT5,0.55,fs,MPa,0.0211
CPT5,0.55,qc,MPa,6.046503
CPT5,0.56,fs,MPa,0.0211
CPT5,0.56,qc,MPa,6.185808
CPT5,0.57,fs,MPa,0.02120002
CPT5,0.57,qc,MPa,6.595504
CPT5,0.58,fs,MPa,0.02220003
CPT5,0.58,qc,MPa,6.782416
CPT5,0.59,fs,MPa,0.02329999
CPT5,0.59,qc,MPa,7.303516
CPT5,0.6,fs,MPa,0.0228001
CPT5,0.6,qc,MPa,7.820612
CPT5,0.61,fs,MPa,0.02610007
CPT5,0.61,qc,MPa,8.226306
CPT5,0.62,fs,MPa,0.02840007
CPT5,0.62,qc,MPa,8.44111
CPT5,0.63,fs,MPa,0.03070012
CPT5,0.63,qc,MPa,8.767303
CPT5,0.64,fs,MPa,0.03470002
CPT5,0.64,qc,MPa,8.850801
CPT5,0.65,fs,MPa,0.03540005
CPT5,0.65,qc,MPa,8.898603
CPT5,0.66,fs,MPa,0.0372
CPT5,0.66,qc,MPa,9.009901
CPT5,0.67,fs,MPa,0.03710008
CPT5,0.67,qc,MPa,9.053701
CPT5,0.68,fs,MPa,0.0398
CPT5,0.68,qc,MPa,9.097501
CPT5,0.69,fs,MPa,0.0399
CPT5,0.69,qc,MPa,9.129302
CPT5,0.7,fs,MPa,0.0399
CPT5,0.7,qc,MPa,9.169099
CPT5,0.71,fs,MPa,0.0399
CPT5,0.71,qc,MPa,9.149205
CPT5,0.72,fs,MPa,0.0399
CPT5,0.72,qc,MPa,9.262505
CPT5,0.73,fs,MPa,0.03979997
CPT5,0.73,qc,MPa,9.375911
CPT5,0.74,fs,MPa,0.039
CPT5,0.74,qc,MPa,9.654311
CPT5,0.75,fs,MPa,0.0389
CPT5,0.75,qc,MPa,9.920814
CPT5,0.76,fs,MPa,0.0389
CPT5,0.76,qc,MPa,10.26932
CPT5,0.77,fs,MPa,0.0389
CPT5,0.77,qc,MPa,10.65682
CPT5,0.78,fs,MPa,0.03900001
CPT5,0.78,qc,MPa,11.03642
CPT5,0.79,fs,MPa,0.03920002
CPT5,0.79,qc,MPa,11.43582
CPT5,0.8,fs,MPa,0.03960004
CPT5,0.8,qc,MPa,11.87862
CPT5,0.81,fs,MPa,0.0403002
CPT5,0.81,qc,MPa,12.18702
CPT5,0.82,fs,MPa,0.04420002
CPT5,0.82,qc,MPa,12.62991
CPT5,0.83,fs,MPa,0.04450011
CPT5,0.83,qc,MPa,12.7643
CPT5,0.84,fs,MPa,0.0466002
CPT5,0.84,qc,MPa,12.8632
CPT5,0.85,fs,MPa,0.05050007
CPT5,0.85,qc,MPa,12.883
CPT5,0.86,fs,MPa,0.05190007
CPT5,0.86,qc,MPa,12.875
CPT5,0.87,fs,MPa,0.0533
CPT5,0.87,qc,MPa,12.875
CPT5,0.88,fs,MPa,0.0533
CPT5,0.88,qc,MPa,12.8217
CPT5,0.89,fs,MPa,0.05329999
CPT5,0.89,qc,MPa,12.7951
CPT5,0.9,fs,MPa,0.05319999
CPT5,0.9,qc,MPa,12.7952
CPT5,0.91,fs,MPa,0.05309997
CPT5,0.91,qc,MPa,12.7953
CPT5,0.92,fs,MPa,0.0526
CPT5,0.92,qc,MPa,12.8013
CPT5,0.93,fs,MPa,0.0526
CPT5,0.93,qc,MPa,12.81571
CPT5,0.94,fs,MPa,0.0526
CPT5,0.94,qc,MPa,12.95811
CPT5,0.95,fs,MPa,0.0526
CPT5,0.95,qc,MPa,13.08073
CPT5,0.96,fs,MPa,0.0526
CPT5,0.96,qc,MPa,13.61452
CPT5,0.97,fs,MPa,0.0526
CPT5,0.97,qc,MPa,13.91102
CPT5,0.98,fs,MPa,0.0526
CPT5,0.98,qc,MPa,14.19572
CPT5,0.99,fs,MPa,0.05260001
CPT5,0.99,qc,MPa,14.49624
CPT5,1.0,fs,MPa,0.05270003
CPT5,1.0,qc,MPa,15.14472
CPT5,1.01,fs,MPa,0.05310037
CPT5,1.01,qc,MPa,15.42153
CPT5,1.02,fs,MPa,0.05679992
CPT5,1.02,qc,MPa,15.74971
CPT5,1.03,fs,MPa,0.05600033
CPT5,1.03,qc,MPa,15.89201
CPT5,1.04,fs,MPa,0.05930008
CPT5,1.04,qc,MPa,15.99091
CPT5,1.05,fs,MPa,0.0601001
CPT5,1.05,qc,MPa,16.0463
CPT5,1.06,fs,MPa,0.06110003
CPT5,1.06,qc,MPa,16.0937
CPT5,1.07,fs,MPa,0.06140003
CPT5,1.07,qc,MPa,16.0818
CPT5,1.08,fs,MPa,0.06170001
CPT5,1.08,qc,MPa,16.0583
CPT5,1.09,fs,MPa,0.06180001
CPT5,1.09,qc,MPa,16.0466
CPT5,1.1,fs,MPa,0.06190023
CPT5,1.1,qc,MPa,16.0415
CPT5,1.11,fs,MPa,0.06420011
CPT5,1.11,qc,MPa,16.0406
CPT5,1.12,fs,MPa,0.06530011
CPT5,1.12,qc,MPa,16.0474
CPT5,1.13,fs,MPa,0.06640001
CPT5,1.13,qc,MPa,16.05421
CPT5,1.14,fs,MPa,0.0665
CPT5,1.14,qc,MPa,16.14122
CPT5,1.15,fs,MPa,0.06650009
CPT5,1.15,qc,MPa,16.32702
CPT5,1.16,fs,MPa,0.06740026
CPT5,1.16,qc,MPa,16.55246
CPT5,1.17,fs,MPa,0.07000011
CPT5,1.17,qc,MPa,17.13762
CPT5,1.18,fs,MPa,0.07110012
CPT5,1.18,qc,MPa,17.35112
CPT5,1.19,fs,MPa,0.07230009
CPT5,1.19,qc,MPa,17.57262
CPT5,1.2,fs,MPa,0.07320026
CPT5,1.2,qc,MPa,17.80981
CPT5,1.21,fs,MPa,0.07580008
CPT5,1.21,qc,MPa,17.88891
CPT5,1.22,fs,MPa,0.07660008
CPT5,1.22,qc,MPa,17.9561
CPT5,1.23,fs,MPa,0.07740002
CPT5,1.23,qc,MPa,17.9482
CPT5,1.24,fs,MPa,0.0776
CPT5,1.24,qc,MPa,17.94416
CPT5,1.25,fs,MPa,0.0776
CPT5,1.25,qc,MPa,17.56269
CPT5,1.26,fs,MPa,0.0776
CPT5,1.26,qc,MPa,17.43119
CPT5,1.27,fs,MPa,0.07759999
CPT5,1.27,qc,MPa,17.2997
CPT5,1.28,fs,MPa,0.07749994
CPT5,1.28,qc,MPa,17.27199
CPT5,1.29,fs,MPa,0.07689989
CPT5,1.29,qc,MPa,17.2206
CPT5,1.3,fs,MPa,0.07579995
CPT5,1.3,qc,MPa,17.2206
CPT5,1.31,fs,MPa,0.07529998
CPT5,1.31,qc,MPa,17.2206
CPT5,1.32,fs,MPa,0.07509999
CPT5,1.32,qc,MPa,17.22061
CPT5,1.33,fs,MPa,0.075
CPT5,1.33,qc,MPa,17.30372
CPT5,1.34,fs,MPa,0.075
CPT5,1.34,qc,MPa,17.47372
CPT5,1.35,fs,MPa,0.075
CPT5,1.35,qc,MPa,17.66352
CPT5,1.36,fs,MPa,0.07500003
CPT5,1.36,qc,MPa,17.88892
CPT5,1.37,fs,MPa,0.07530003
CPT5,1.37,qc,MPa,18.08264
CPT5,1.38,fs,MPa,0.07560027
CPT5,1.38,qc,MPa,18.50573
CPT5,1.39,fs,MPa,0.07830003
CPT5,1.39,qc,MPa,18.82602
CPT5,1.4,fs,MPa,0.07860004
CPT5,1.4,qc,MPa,19.03952
CPT5,1.41,fs,MPa,0.07900011
CPT5,1.41,qc,MPa,19.22931
CPT5,1.42,fs,MPa,0.08010011
CPT5,1.42,qc,MPa,19.36771
CPT5,1.43,fs,MPa,0.08120026
CPT5,1.43,qc,MPa,19.43891
CPT5,1.44,fs,MPa,0.08380027
CPT5,1.44,qc,MPa,19.49029
CPT5,1.45,fs,MPa,0.08650001
CPT5,1.45,qc,MPa,19.37559
CPT5,1.46,fs,MPa,0.08660001
CPT5,1.46,qc,MPa,19.30839
CPT5,1.47,fs,MPa,0.08670001
CPT5,1.47,qc,MPa,19.16209
CPT5,1.48,fs,MPa,0.0868
CPT5,1.48,qc,MPa,19.10278
CPT5,1.49,fs,MPa,0.0868
CPT5,1.49,qc,MPa,18.92089
CPT5,1.5,fs,MPa,0.08679999
CPT5,1.5,qc,MPa,18.78249
CPT5,1.51,fs,MPa,0.08669998
CPT5,1.51,qc,MPa,18.63617
CPT5,1.52,fs,MPa,0.08649993
CPT5,1.52,qc,MPa,18.32779
CPT5,1.53,fs,MPa,0.08579982
CPT5,1.53,qc,MPa,18.19339
CPT5,1.54,fs,MPa,0.08399982
CPT5,1.54,qc,MPa,18.09059
CPT5,1.55,fs,MPa,0.08219989
CPT5,1.55,qc,MPa,17.9917
CPT5,1.56,fs,MPa,0.08109991
CPT5,1.56,qc,MPa,17.9947
CPT5,1.57,fs,MPa,0.08020006
CPT5,1.57,qc,MPa,17.9977
CPT5,1.58,fs,MPa,0.08079986
CPT5,1.58,qc,MPa,18.0083
CPT5,1.59,fs,MPa,0.0794
CPT5,1.59,qc,MPa,18.0298
CPT5,1.6,fs,MPa,0.0794
CPT5,1.6,qc,MPa,18.07283
CPT5,1.61,fs,MPa,0.07940001
CPT5,1.61,qc,MPa,18.35155
CPT5,1.62,fs,MPa,0.07950005
CPT5,1.62,qc,MPa,18.81025
CPT5,1.63,fs,MPa,0.08000011
CPT5,1.63,qc,MPa,19.30056
CPT5,1.64,fs,MPa,0.08110002
CPT5,1.64,qc,MPa,19.86204
CPT5,1.65,fs,MPa,0.08130006
CPT5,1.65,qc,MPa,20.23854
CPT5,1.66,fs,MPa,0.08190015
CPT5,1.66,qc,MPa,20.60366
CPT5,1.67,fs,MPa,0.08340014
CPT5,1.67,qc,MPa,21.17102
CPT5,1.68,fs,MPa,0.08480006
CPT5,1.68,qc,MPa,21.38141
CPT5,1.69,fs,MPa,0.0854003
CPT5,1.69,qc,MPa,21.5163
CPT5,1.7,fs,MPa,0.08840033
CPT5,1.7,qc,MPa,21.54401
CPT5,1.71,fs,MPa,0.09170039
CPT5,1.71,qc,MPa,21.6155
CPT5,1.72,fs,MPa,0.09560028
CPT5,1.72,qc,MPa,21.6075
CPT5,1.73,fs,MPa,0.0984
CPT5,1.73,qc,MPa,21.56389
CPT5,1.74,fs,MPa,0.0984
CPT5,1.74,qc,MPa,21.5123
CPT5,1.75,fs,MPa,0.0984
CPT5,1.75,qc,MPa,21.50829
CPT5,1.76,fs,MPa,0.09839999
CPT5,1.76,qc,MPa,21.4567
CPT5,1.77,fs,MPa,0.09829998
CPT5,1.77,qc,MPa,21.4545
CPT5,1.78,fs,MPa,0.09809955
CPT5,1.78,qc,MPa,21.4559
CPT5,1.79,fs,MPa,0.09359959
CPT5,1.79,qc,MPa,21.4574
CPT5,1.8,fs,MPa,0.0895
CPT5,1.8,qc,MPa,21.4716
CPT5,1.81,fs,MPa,0.0895
CPT5,1.81,qc,MPa,21.50042
CPT5,1.82,fs,MPa,0.0895
CPT5,1.82,qc,MPa,21.67103
CPT5,1.83,fs,MPa,0.08950004
CPT5,1.83,qc,MPa,22.00835
CPT5,1.84,fs,MPa,0.08990009
CPT5,1.84,qc,MPa,22.46074
CPT5,1.85,fs,MPa,0.09079998
CPT5,1.85,qc,MPa,22.84965
CPT5,1.86,fs,MPa,0.0906002
CPT5,1.86,qc,MPa,23.33775
CPT5,1.87,fs,MPa,0.0926009
CPT5,1.87,qc,MPa,23.87345
CPT5,1.88,fs,MPa,0.1015999
CPT5,1.88,qc,MPa,24.34173
CPT5,1.89,fs,MPa,0.1001006
CPT5,1.89,qc,MPa,24.64725
CPT5,1.9,fs,MPa,0.1063998
CPT5,1.9,qc,MPa,25.13931
CPT5,1.91,fs,MPa,0.1039005
CPT5,1.91,qc,MPa,25.2028
CPT5,1.92,fs,MPa,0.1089005
CPT5,1.92,qc,MPa,25.2147
CPT5,1.93,fs,MPa,0.1134
CPT5,1.93,qc,MPa,25.2186
CPT5,1.94,fs,MPa,0.1135
CPT5,1.94,qc,MPa,25.23447
CPT5,1.95,fs,MPa,0.1135
CPT5,1.95,qc,MPa,24.93688
CPT5,1.96,fs,MPa,0.1135
CPT5,1.96,qc,MPa,24.83766
CPT5,1.97,fs,MPa,0.1134999
CPT5,1.97,qc,MPa,24.62738
CPT5,1.98,fs,MPa,0.1127997
CPT5,1.98,qc,MPa,24.53608
CPT5,1.99,fs,MPa,0.1114997
CPT5,1.99,qc,MPa,24.4179
CPT5,2.0,fs,MPa,0.1101
CPT5,2.0,qc,MPa,24.4243
CPT5,2.01,fs,MPa,0.11
CPT5,2.01,qc,MPa,24.4307
CPT5,2.02,fs,MPa,0.11
CPT5,2.02,qc,MPa,24.4458
CPT5,2.03,fs,MPa,0.11
CPT5,2.03,qc,MPa,24.47681
CPT5,2.04,fs,MPa,0.1101
CPT5,2.04,qc,MPa,24.60367
CPT5,2.05,fs,MPa,0.1104001
CPT5,2.05,qc,MPa,25.30595
CPT5,2.06,fs,MPa,0.1110001
CPT5,2.06,qc,MPa,25.76634
CPT5,2.07,fs,MPa,0.1120004
CPT5,2.07,qc,MPa,26.18698
CPT5,2.08,fs,MPa,0.1156008
CPT5,2.08,qc,MPa,26.99258
CPT5,2.09,fs,MPa,0.1198016
CPT5,2.09,qc,MPa,27.39325
CPT5,2.1,fs,MPa,0.127999
CPT5,2.1,qc,MPa,27.63937
CPT5,2.11,fs,MPa,0.1230019
CPT5,2.11,qc,MPa,27.97653
CPT5,2.12,fs,MPa,0.1325006
CPT5,2.12,qc,MPa,27.61148
CPT5,2.13,fs,MPa,0.1355001
CPT5,2.13,qc,MPa,27.51629
CPT5,2.14,fs,MPa,0.1362
CPT5,2.14,qc,MPa,27.4905
CPT5,2.15,fs,MPa,0.1363
CPT5,2.15,qc,MPa,27.4776
CPT5,2.16,fs,MPa,0.1362998
CPT5,2.16,qc,MPa,27.4771
CPT5,2.17,fs,MPa,0.1354998
CPT5,2.17,qc,MPa,27.4774
CPT5,2.18,fs,MPa,0.1346999
CPT5,2.18,qc,MPa,27.4777
CPT5,2.19,fs,MPa,0.1344
CPT5,2.19,qc,MPa,27.48061
CPT5,2.2,fs,MPa,0.1343
CPT5,2.2,qc,MPa,27.54803
CPT5,2.21,fs,MPa,0.1343
CPT5,2.21,qc,MPa,27.68694
CPT5,2.22,fs,MPa,0.1343
CPT5,2.22,qc,MPa,27.86558
CPT5,2.23,fs,MPa,0.1343
CPT5,2.23,qc,MPa,28.2466
CPT5,2.24,fs,MPa,0.1345001
CPT5,2.24,qc,MPa,29.25453
CPT5,2.25,fs,MPa,0.1349005
CPT5,2.25,qc,MPa,29.89345
CPT5,2.26,fs,MPa,0.1372006
CPT5,2.26,qc,MPa,31.13279
CPT5,2.27,fs,MPa,0.1401006
CPT5,2.27,qc,MPa,31.60167
CPT5,2.28,fs,MPa,0.1430013
CPT5,2.28,qc,MPa,32.46767
CPT5,2.29,fs,MPa,0.1494023
CPT5,2.29,qc,MPa,32.82925
CPT5,2.3,fs,MPa,0.1608009
CPT5,2.3,qc,MPa,33.07159
CPT5,2.31,fs,MPa,0.1652008
CPT5,2.31,qc,MPa,33.54432
CPT5,2.32,fs,MPa,0.1693998
CPT5,2.32,qc,MPa,33.65558
CPT5,2.33,fs,MPa,0.1683007
CPT5,2.33,qc,MPa,34.03694
CPT5,2.34,fs,MPa,0.1718001
CPT5,2.34,qc,MPa,34.25946
CPT5,2.35,fs,MPa,0.1723014
CPT5,2.35,qc,MPa,34.55744
CPT5,2.36,fs,MPa,0.1793002
CPT5,2.36,qc,MPa,34.75223
CPT5,2.37,fs,MPa,0.1801002
CPT5,2.37,qc,MPa,35.37989
CPT5,2.38,fs,MPa,0.1809002
CPT5,2.38,qc,MPa,35.80513
CPT5,2.39,fs,MPa,0.1818002
CPT5,2.39,qc,MPa,36.96514
CPT5,2.4,fs,MPa,0.1828015
CPT5,2.4,qc,MPa,37.64076
CPT5,2.41,fs,MPa,0.190302
CPT5,2.41,qc,MPa,39.4563
CPT5,2.42,qc,MPa,40.43925
CPT5,2.43,qc,MPa,41.67914
CPT5,2.44,qc,MPa,42.38494
CPT5,2.45,qc,MPa,43.09082
CPT5,2.46,qc,MPa,44.66571
CPT5,2.47,qc,MPa,45.72229
CPT5,2.48,qc,MPa,46.65922
CPT6,0.0,fs,MPa,0.0
CPT6,0.0,qc,MPa,0.0004
CPT6,0.01,fs,MPa,0.0
CPT6,0.01,qc,MPa,0.0084
CPT6,0.02,fs,MPa,0.0001
CPT6,0.02,qc,MPa,0.0282
CPT6,0.03,fs,MPa,0.0002
CPT6,0.03,qc,MPa,0.068
CPT6,0.04,fs,MPa,0.0003
CPT6,0.04,qc,MPa,0.0959
CPT6,0.05,fs,MPa,0.0006
CPT6,0.05,qc,MPa,0.1555
CPT6,0.06,fs,MPa,0.0012
CPT6,0.06,qc,MPa,0.1874
CPT6,0.07,fs,MPa,0.0025
CPT6,0.07,qc,MPa,0.2232
CPT6,0.08,fs,MPa,0.0031
CPT6,0.08,qc,MPa,0.2828
CPT6,0.09,fs,MPa,0.0034
CPT6,0.09,qc,MPa,0.3226
CPT6,0.1,fs,MPa,0.003600001
CPT6,0.1,qc,MPa,0.4181001
CPT6,0.11,fs,MPa,0.0042
CPT6,0.11,qc,MPa,0.4817
CPT6,0.12,fs,MPa,0.0044
CPT6,0.12,qc,MPa,0.5732
CPT6,0.13,fs,MPa,0.0047
CPT6,0.13,qc,MPa,0.6289
CPT6,0.14,fs,MPa,0.0048
CPT6,0.14,qc,MPa,0.6925
CPT6,0.15,fs,MPa,0.0049
CPT6,0.15,qc,MPa,0.8437
CPT6,0.16,fs,MPa,0.0056
CPT6,0.16,qc,MPa,0.9511
CPT6,0.17,fs,MPa,0.006
CPT6,0.17,qc,MPa,1.0426
CPT6,0.18,fs,MPa,0.0077
CPT6,0.18,qc,MPa,1.2494
CPT6,0.19,fs,MPa,0.0075
CPT6,0.19,qc,MPa,1.3409
CPT6,0.2,fs,MPa,0.0085
CPT6,0.2,qc,MPa,1.4443
CPT6,0.21,fs,MPa,0.0087
CPT6,0.21,qc,MPa,1.5159
CPT6,0.22,fs,MPa,0.0089
CPT6,0.22,qc,MPa,1.7068
CPT6,0.23,fs,MPa,0.0091
CPT6,0.23,qc,MPa,1.7824
CPT6,0.24,fs,MPa,0.009199999
CPT6,0.24,qc,MPa,1.857999
CPT6,0.25,fs,MPa,0.01119998
CPT6,0.25,qc,MPa,1.933599
CPT6,0.26,fs,MPa,0.0115
CPT6,0.26,qc,MPa,2.104598
CPT6,0.27,fs,MPa,0.0119
CPT6,0.27,qc,MPa,2.1643
CPT6,0.28,fs,MPa,0.012
CPT6,0.28,qc,MPa,2.2677
CPT6,0.29,fs,MPa,0.0129
CPT6,0.29,qc,MPa,2.4069
CPT6,0.3,fs,MPa,0.0137
CPT6,0.3,qc,MPa,2.4785
CPT6,0.31,fs,MPa,0.0132
CPT6,0.31,qc,MPa,2.574
CPT6,0.32,fs,MPa,0.0144
CPT6,0.32,qc,MPa,2.6416
CPT6,0.33,fs,MPa,0.0147
CPT6,0.33,qc,MPa,2.8365
CPT6,0.34,fs,MPa,0.0155
CPT6,0.34,qc,MPa,2.936
CPT6,0.35,fs,MPa,0.0162
CPT6,0.35,qc,MPa,3.0831
CPT6,0.36,fs,MPa,0.0156
CPT6,0.36,qc,MPa,3.4093
CPT6,0.37,fs,MPa,0.01670001
CPT6,0.37,qc,MPa,3.572402
CPT6,0.38,fs,MPa,0.0172
CPT6,0.38,qc,MPa,3.751403
CPT6,0.39,fs,MPa,0.0176
CPT6,0.39,qc,MPa,4.073602
CPT6,0.4,fs,MPa,0.01800002
CPT6,0.4,qc,MPa,4.236704
CPT6,0.41,fs,MPa,0.01950001
CPT6,0.41,qc,MPa,4.586701
CPT6,0.42,fs,MPa,0.0208
CPT6,0.42,qc,MPa,4.725903
CPT6,0.43,fs,MPa,0.0212
CPT6,0.43,qc,MPa,5.008401
CPT6,0.44,fs,MPa,0.02090001
CPT6,0.44,qc,MPa,5.115802
CPT6,0.45,fs,MPa,0.02200002
CPT6,0.45,qc,MPa,5.334501
CPT6,0.46,fs,MPa,0.02429998
CPT6,0.46,qc,MPa,5.437901
CPT6,0.47,fs,MPa,0.02270005
CPT6,0.47,qc,MPa,5.553301
CPT6,0.48,fs,MPa,0.02510001
CPT6,0.48,qc,MPa,5.620904
CPT6,0.49,fs,MPa,0.02550006
CPT6,0.49,qc,MPa,5.803902
CPT6,0.5,fs,MPa,0.02830002
CPT6,0.5,qc,MPa,5.883502
CPT6,0.51,fs,MPa,0.0295
CPT6,0.51,qc,MPa,5.978902
CPT6,0.52,fs,MPa,0.02930001
CPT6,0.52,qc,MPa,6.094301
CPT6,0.53,fs,MPa,0.02960002
CPT6,0.53,qc,MPa,6.153901
CPT6,0.54,fs,MPa,0.03040002
CPT6,0.54,qc,MPa,6.213602
CPT6,0.55,fs,MPa,0.0312
CPT6,0.55,qc,MPa,6.325002
CPT6,0.56,fs,MPa,0.03110005
CPT6,0.56,qc,MPa,6.416502
CPT6,0.57,fs,MPa,0.03340001
CPT6,0.57,qc,MPa,6.500006
CPT6,0.58,fs,MPa,0.03410001
CPT6,0.58,qc,MPa,6.782405
CPT6,0.59,fs,MPa,0.03450001
CPT6,0.59,qc,MPa,6.937612
CPT6,0.6,fs,MPa,0.0348
CPT6,0.6,qc,MPa,7.335307
CPT6,0.61,fs,MPa,0.03480001
CPT6,0.61,qc,MPa,7.578017
CPT6,0.62,fs,MPa,0.03520002
CPT6,0.62,qc,MPa,8.13091
CPT6,0.63,fs,MPa,0.03570004
CPT6,0.63,qc,MPa,8.453114
CPT6,0.64,fs,MPa,0.03690003
CPT6,0.64,qc,MPa,8.90651
CPT6,0.65,fs,MPa,0.03790003
CPT6,0.65,qc,MPa,9.22871
CPT6,0.66,fs,MPa,0.03890002
CPT6,0.66,qc,MPa,9.562805
CPT6,0.67,fs,MPa,0.03960001
CPT6,0.67,qc,MPa,9.741804
CPT6,0.68,fs,MPa,0.03990001
CPT6,0.68,qc,MPa,9.889004
CPT6,0.69,fs,MPa,0.0401
CPT6,0.69,qc,MPa,9.976505
CPT6,0.7,fs,MPa,0.0402
CPT6,0.7,qc,MPa,10.1032
CPT6,0.71,fs,MPa,0.0402
CPT6,0.71,qc,MPa,10.1823
CPT6,0.72,fs,MPa,0.04020003
CPT6,0.72,qc,MPa,10.2258
CPT6,0.73,fs,MPa,0.04090006
CPT6,0.73,qc,MPa,10.3128
CPT6,0.74,fs,MPa,0.04250013
CPT6,0.74,qc,MPa,10.4116
CPT6,0.75,fs,MPa,0.04580002
CPT6,0.75,qc,MPa,10.51441
CPT6,0.76,fs,MPa,0.04630002
CPT6,0.76,qc,MPa,10.73591
CPT6,0.77,fs,MPa,0.04680001
CPT6,0.77,qc,MPa,10.96521
CPT6,0.78,fs,MPa,0.04710003
CPT6,0.78,qc,MPa,11.25783
CPT6,0.79,fs,MPa,0.04790004
CPT6,0.79,qc,MPa,11.88651
CPT6,0.8,fs,MPa,0.04860004
CPT6,0.8,qc,MPa,12.18311
CPT6,0.81,fs,MPa,0.04939997
CPT6,0.81,qc,MPa,12.43611
CPT6,0.82,fs,MPa,0.04880004
CPT6,0.82,qc,MPa,12.66551
CPT6,0.83,fs,MPa,0.04960018
CPT6,0.83,qc,MPa,12.86711
CPT6,0.84,fs,MPa,0.05309999
CPT6,0.84,qc,MPa,13.02531
CPT6,0.85,fs,MPa,0.05280023
CPT6,0.85,qc,MPa,13.2072
CPT6,0.86,fs,MPa,0.0572999
CPT6,0.86,qc,MPa,13.306
CPT6,0.87,fs,MPa,0.05520018
CPT6,0.87,qc,MPa,13.2981
CPT6,0.88,fs,MPa,0.05880006
CPT6,0.88,qc,MPa,13.3179
CPT6,0.89,fs,MPa,0.05990006
CPT6,0.89,qc,MPa,13.3337
CPT6,0.9,fs,MPa,0.0609
CPT6,0.9,qc,MPa,13.306
CPT6,0.91,fs,MPa,0.06090001
CPT6,0.91,qc,MPa,13.2467
CPT6,0.92,fs,MPa,0.06100008
CPT6,0.92,qc,MPa,13.2392
CPT6,0.93,fs,MPa,0.06240009
CPT6,0.93,qc,MPa,13.2357
CPT6,0.94,fs,MPa,0.06390004
CPT6,0.94,qc,MPa,13.2348
CPT6,0.95,fs,MPa,0.06450001
CPT6,0.95,qc,MPa,13.2378
CPT6,0.96,fs,MPa,0.0646
CPT6,0.96,qc,MPa,13.2408
CPT6,0.97,fs,MPa,0.0646
CPT6,0.97,qc,MPa,13.25461
CPT6,0.98,fs,MPa,0.06459999
CPT6,0.98,qc,MPa,13.36141
CPT6,0.99,fs,MPa,0.0645
CPT6,0.99,qc,MPa,13.46031
CPT6,1.0,fs,MPa,0.0645
CPT6,1.0,qc,MPa,13.69362
CPT6,1.01,fs,MPa,0.0645
CPT6,1.01,qc,MPa,13.92297
CPT6,1.02,fs,MPa,0.0645
CPT6,1.02,qc,MPa,14.59905
CPT6,1.03,fs,MPa,0.06450002
CPT6,1.03,qc,MPa,15.10914
CPT6,1.04,fs,MPa,0.06470018
CPT6,1.04,qc,MPa,15.55604
CPT6,1.05,fs,MPa,0.06649992
CPT6,1.05,qc,MPa,15.95144
CPT6,1.06,fs,MPa,0.06570037
CPT6,1.06,qc,MPa,16.32303
CPT6,1.07,fs,MPa,0.06940027
CPT6,1.07,qc,MPa,16.58802
CPT6,1.08,fs,MPa,0.07210039
CPT6,1.08,qc,MPa,16.75802
CPT6,1.09,fs,MPa,0.07600022
CPT6,1.09,qc,MPa,16.92011
CPT6,1.1,fs,MPa,0.07820003
CPT6,1.1,qc,MPa,17.0032
CPT6,1.11,fs,MPa,0.07850003
CPT6,1.11,qc,MPa,17.00709
CPT6,1.12,fs,MPa,0.07880001
CPT6,1.12,qc,MPa,16.9478
CPT6,1.13,fs,MPa,0.07890001
CPT6,1.13,qc,MPa,16.92799
CPT6,1.14,fs,MPa,0.079
CPT6,1.14,qc,MPa,16.8687
CPT6,1.15,fs,MPa,0.079
CPT6,1.15,qc,MPa,16.8214
CPT6,1.16,fs,MPa,0.079
CPT6,1.16,qc,MPa,16.7978
CPT6,1.17,fs,MPa,0.07899998
CPT6,1.17,qc,MPa,16.7865
CPT6,1.18,fs,MPa,0.0788
CPT6,1.18,qc,MPa,16.7818
CPT6,1.19,fs,MPa,0.0788
CPT6,1.19,qc,MPa,16.8094
CPT6,1.2,fs,MPa,0.0788
CPT6,1.2,qc,MPa,16.83714
CPT6,1.21,fs,MPa,0.07880003
CPT6,1.21,qc,MPa,17.25232
CPT6,1.22,fs,MPa,0.07910006
CPT6,1.22,qc,MPa,17.46983
CPT6,1.23,fs,MPa,0.07970013
CPT6,1.23,qc,MPa,17.74265
CPT6,1.24,fs,MPa,0.08100026
CPT6,1.24,qc,MPa,18.21713
CPT6,1.25,fs,MPa,0.08360004
CPT6,1.25,qc,MPa,18.52164
CPT6,1.26,fs,MPa,0.08400005
CPT6,1.26,qc,MPa,18.91701
CPT6,1.27,fs,MPa,0.08450028
CPT6,1.27,qc,MPa,19.04351
CPT6,1.28,fs,MPa,0.08730008
CPT6,1.28,qc,MPa,19.13441
CPT6,1.29,fs,MPa,0.08810007
CPT6,1.29,qc,MPa,19.27281
CPT6,1.3,fs,MPa,0.08880011
CPT6,1.3,qc,MPa,19.3242
CPT6,1.31,fs,MPa,0.0899001
CPT6,1.31,qc,MPa,19.34801
CPT6,1.32,fs,MPa,0.09090006
CPT6,1.32,qc,MPa,19.44291
CPT6,1.33,fs,MPa,0.09150003
CPT6,1.33,qc,MPa,19.5101
CPT6,1.34,fs,MPa,0.09180001
CPT6,1.34,qc,MPa,19.52982
CPT6,1.35,fs,MPa,0.09190001
CPT6,1.35,qc,MPa,19.74731
CPT6,1.36,fs,MPa,0.092
CPT6,1.36,qc,MPa,19.86202
CPT6,1.37,fs,MPa,0.09200001
CPT6,1.37,qc,MPa,20.06793
CPT6,1.38,fs,MPa,0.0921
CPT6,1.38,qc,MPa,20.34963
CPT6,1.39,fs,MPa,0.0921
CPT6,1.39,qc,MPa,20.62342
CPT6,1.4,fs,MPa,0.09210019
CPT6,1.4,qc,MPa,20.78614
CPT6,1.41,fs,MPa,0.09400019
CPT6,1.41,qc,MPa,21.15912
CPT6,1.42,fs,MPa,0.09589996
CPT6,1.42,qc,MPa,21.33772
CPT6,1.43,fs,MPa,0.09550008
CPT6,1.43,qc,MPa,21.50443
CPT6,1.44,fs,MPa,0.09630025
CPT6,1.44,qc,MPa,21.77021
CPT6,1.45,fs,MPa,0.09880002
CPT6,1.45,qc,MPa,21.8298
CPT6,1.46,fs,MPa,0.09900001
CPT6,1.46,qc,MPa,21.78609
CPT6,1.47,fs,MPa,0.09909998
CPT6,1.47,qc,MPa,21.71469
CPT6,1.48,fs,MPa,0.09889998
CPT6,1.48,qc,MPa,21.6036
CPT6,1.49,fs,MPa,0.09869995
CPT6,1.49,qc,MPa,21.55589
CPT6,1.5,fs,MPa,0.09819973
CPT6,1.5,qc,MPa,21.48448
CPT6,1.51,fs,MPa,0.09549988
CPT6,1.51,qc,MPa,21.27818
CPT6,1.52,fs,MPa,0.09429998
CPT6,1.52,qc,MPa,21.1274
CPT6,1.53,fs,MPa,0.09410004
CPT6,1.53,qc,MPa,21.0922
CPT6,1.54,fs,MPa,0.09450003
CPT6,1.54,qc,MPa,21.0753
CPT6,1.55,fs,MPa,0.09480007
CPT6,1.55,qc,MPa,21.0805
CPT6,1.56,fs,MPa,0.09550007
CPT6,1.56,qc,MPa,21.0857
CPT6,1.57,fs,MPa,0.09620007
CPT6,1.57,qc,MPa,21.0986
CPT6,1.58,fs,MPa,0.09689999
CPT6,1.58,qc,MPa,21.12481
CPT6,1.59,fs,MPa,0.09680001
CPT6,1.59,qc,MPa,21.17771
CPT6,1.6,fs,MPa,0.0969
CPT6,1.6,qc,MPa,21.28615
CPT6,1.61,fs,MPa,0.0969001
CPT6,1.61,qc,MPa,21.8179
CPT6,1.62,fs,MPa,0.09790011
CPT6,1.62,qc,MPa,21.81795
CPT6,1.63,fs,MPa,0.09900025
CPT6,1.63,qc,MPa,22.32584
CPT6,1.64,fs,MPa,0.1015001
CPT6,1.64,qc,MPa,22.75444
CPT6,1.65,fs,MPa,0.1027008
CPT6,1.65,qc,MPa,23.14323
CPT6,1.66,fs,MPa,0.1107003
CPT6,1.66,qc,MPa,23.43692
CPT6,1.67,fs,MPa,0.1133001
CPT6,1.67,qc,MPa,23.6353
CPT6,1.68,fs,MPa,0.1138
CPT6,1.68,qc,MPa,23.58771
CPT6,1.69,fs,MPa,0.1138
CPT6,1.69,qc,MPa,23.65119
CPT6,1.7,fs,MPa,0.1136
CPT6,1.7,qc,MPa,23.54401
CPT6,1.71,fs,MPa,0.1134
CPT6,1.71,qc,MPa,23.59559
CPT6,1.72,fs,MPa,0.1129
CPT6,1.72,qc,MPa,23.53209
CPT6,1.73,fs,MPa,0.1128
CPT6,1.73,qc,MPa,23.43099
CPT6,1.74,fs,MPa,0.1126
CPT6,1.74,qc,MPa,23.3804
CPT6,1.75,fs,MPa,0.1123
CPT6,1.75,qc,MPa,23.3552
CPT6,1.76,fs,MPa,0.1123
CPT6,1.76,qc,MPa,23.3429
CPT6,1.77,fs,MPa,0.1126
CPT6,1.77,qc,MPa,23.3373
CPT6,1.78,fs,MPa,0.1129001
CPT6,1.78,qc,MPa,23.3772
CPT6,1.79,fs,MPa,0.1135001
CPT6,1.79,qc,MPa,23.41712
CPT6,1.8,fs,MPa,0.1146999
CPT6,1.8,qc,MPa,23.65127
CPT6,1.81,fs,MPa,0.1140004
CPT6,1.81,qc,MPa,24.36154
CPT6,1.82,fs,MPa,0.1182998
CPT6,1.82,qc,MPa,24.73854
CPT6,1.83,fs,MPa,0.1159003
CPT6,1.83,qc,MPa,25.16317
CPT6,1.84,fs,MPa,0.1184004
CPT6,1.84,qc,MPa,25.84964
CPT6,1.85,fs,MPa,0.1224
CPT6,1.85,qc,MPa,26.22664
CPT6,1.86,fs,MPa,0.1222005
CPT6,1.86,qc,MPa,26.66312
CPT6,1.87,fs,MPa,0.1273001
CPT6,1.87,qc,MPa,26.81391
CPT6,1.88,fs,MPa,0.1284006
CPT6,1.88,qc,MPa,26.90911
CPT6,1.89,fs,MPa,0.1340002
CPT6,1.89,qc,MPa,26.9845
CPT6,1.9,fs,MPa,0.1363002
CPT6,1.9,qc,MPa,27.03209
CPT6,1.91,fs,MPa,0.138
CPT6,1.91,qc,MPa,26.90519
CPT6,1.92,fs,MPa,0.138
CPT6,1.92,qc,MPa,26.806
CPT6,1.93,fs,MPa,0.1379
CPT6,1.93,qc,MPa,26.80198
CPT6,1.94,fs,MPa,0.1376999
CPT6,1.94,qc,MPa,26.64929
CPT6,1.95,fs,MPa,0.1363995
CPT6,1.95,qc,MPa,26.5731
CPT6,1.96,fs,MPa,0.1338003
CPT6,1.96,qc,MPa,26.5826
CPT6,1.97,fs,MPa,0.1353993
CPT6,1.97,qc,MPa,26.59211
CPT6,1.98,fs,MPa,0.1317998
CPT6,1.98,qc,MPa,26.62371
CPT6,1.99,fs,MPa,0.1305999
CPT6,1.99,qc,MPa,26.68693
CPT6,2.0,fs,MPa,0.1301
CPT6,2.0,qc,MPa,26.86166
CPT6,2.01,fs,MPa,0.1299
CPT6,2.01,qc,MPa,27.66715
CPT6,2.02,fs,MPa,0.1299
CPT6,2.02,qc,MPa,28.15125
CPT6,2.03,fs,MPa,0.1299001
CPT6,2.03,qc,MPa,28.61554
CPT6,2.04,fs,MPa,0.1309001
CPT6,2.04,qc,MPa,29.03218
CPT6,2.05,fs,MPa,0.1318002
CPT6,2.05,qc,MPa,29.80602
CPT6,2.06,fs,MPa,0.1337006
CPT6,2.06,qc,MPa,30.05202
CPT6,2.07,fs,MPa,0.1400006
CPT6,2.07,qc,MPa,30.21102
CPT6,2.08,fs,MPa,0.146401
CPT6,2.08,qc,MPa,30.39369
CPT6,2.09,fs,MPa,0.151401
CPT6,2.09,qc,MPa,30.33413
CPT6,2.1,fs,MPa,0.1563
CPT6,2.1,qc,MPa,30.46516
CPT6,2.11,fs,MPa,0.1563
CPT6,2.11,qc,MPa,30.27844
CPT6,2.12,fs,MPa,0.1564
CPT6,2.12,qc,MPa,30.00279
CPT6,2.13,fs,MPa,0.1564
CPT6,2.13,qc,MPa,29.94049
CPT6,2.14,fs,MPa,0.1564
CPT6,2.14,qc,MPa,29.9115
CPT6,2.15,fs,MPa,0.1564
CPT6,2.15,qc,MPa,29.90352
CPT6,2.16,fs,MPa,0.1564
CPT6,2.16,qc,MPa,30.00162
CPT6,2.17,fs,MPa,0.1564
CPT6,2.17,qc,MPa,30.0998
CPT6,2.18,fs,MPa,0.1564
CPT6,2.18,qc,MPa,30.5885
CPT6,2.19,fs,MPa,0.1565
CPT6,2.19,qc,MPa,31.10116
CPT6,2.2,fs,MPa,0.1566001
CPT6,2.2,qc,MPa,32.40413
CPT6,2.21,fs,MPa,0.1570008
CPT6,2.21,qc,MPa,33.0398
CPT6,2.22,fs,MPa,0.1609008
CPT6,2.22,qc,MPa,33.56437
CPT6,2.23,fs,MPa,0.1647017
CPT6,2.23,qc,MPa,34.40257
CPT6,2.24,fs,MPa,0.1733005
CPT6,2.24,qc,MPa,34.76813
CPT6,2.25,fs,MPa,0.1757014
CPT6,2.25,qc,MPa,35.39977
CPT6,2.26,fs,MPa,0.1828016
CPT6,2.26,qc,MPa,35.72941
CPT6,2.27,fs,MPa,0.190901
CPT6,2.27,qc,MPa,35.80102
CPT6,2.28,fs,MPa,0.1957008
CPT6,2.28,qc,MPa,35.8923
CPT6,2.29,fs,MPa,0.1996
CPT6,2.29,qc,MPa,35.90818
CPT6,2.3,fs,MPa,0.1994
CPT6,2.3,qc,MPa,35.80099
CPT6,2.31,fs,MPa,0.1991997
CPT6,2.31,qc,MPa,35.74139
CPT6,2.32,fs,MPa,0.1977995
CPT6,2.32,qc,MPa,35.66979
CPT6,2.33,fs,MPa,0.1950989
CPT6,2.33,qc,MPa,35.6263
CPT6,2.34,fs,MPa,0.1894956
CPT6,2.34,qc,MPa,35.6078
CPT6,2.35,fs,MPa,0.1673078
CPT6,2.35,qc,MPa,35.6139
CPT6,2.36,qc,MPa,35.62
CPT6,2.37,qc,MPa,35.63413
CPT6,2.38,qc,MPa,35.79313
CPT6,2.39,qc,MPa,36.4367
CPT6,2.4,qc,MPa,36.94146
CPT6,2.41,qc,MPa,38.22076
CPT6,2.42,qc,MPa,39.53962
CPT7,0.0,fs,MPa,0.0
CPT7,0.0,qc,MPa,0.0026
CPT7,0.01,fs,MPa,0.0
CPT7,0.01,qc,MPa,0.0026
CPT7,0.02,fs,MPa,0.0001
CPT7,0.02,qc,MPa,0.0035
CPT7,0.03,fs,MPa,0.0002
CPT7,0.03,qc,MPa,0.0044
CPT7,0.04,fs,MPa,0.0003
CPT7,0.04,qc,MPa,0.0133
CPT7,0.05,fs,MPa,0.0006
CPT7,0.05,qc,MPa,0.073
CPT7,0.06,fs,MPa,0.0013
CPT7,0.06,qc,MPa,0.1327
CPT7,0.07,fs,MPa,0.0026
CPT7,0.07,qc,MPa,0.1963
CPT7,0.08,fs,MPa,0.0028
CPT7,0.08,qc,MPa,0.2281
CPT7,0.09,fs,MPa,0.0029
CPT7,0.09,qc,MPa,0.2878
CPT7,0.1,fs,MPa,0.0031
CPT7,0.1,qc,MPa,0.3315
CPT7,0.11,fs,MPa,0.0038
CPT7,0.11,qc,MPa,0.3832
CPT7,0.12,fs,MPa,0.004
CPT7,0.12,qc,MPa,0.4787
CPT7,0.13,fs,MPa,0.0042
CPT7,0.13,qc,MPa,0.5225
CPT7,0.14,fs,MPa,0.0045
CPT7,0.14,qc,MPa,0.5742
CPT7,0.15,fs,MPa,0.0049
CPT7,0.15,qc,MPa,0.6259
CPT7,0.16,fs,MPa,0.0048
CPT7,0.16,qc,MPa,0.7373
CPT7,0.17,fs,MPa,0.006
CPT7,0.17,qc,MPa,0.793
CPT7,0.18,fs,MPa,0.0064
CPT7,0.18,qc,MPa,0.8606
CPT7,0.19,fs,MPa,0.0063
CPT7,0.19,qc,MPa,1.0475
CPT7,0.2,fs,MPa,0.0074
CPT7,0.2,qc,MPa,1.1788
CPT7,0.21,fs,MPa,0.0081
CPT7,0.21,qc,MPa,1.3061
CPT7,0.22,fs,MPa,0.0082
CPT7,0.22,qc,MPa,1.4334
CPT7,0.23,fs,MPa,0.0083
CPT7,0.23,qc,MPa,1.676
CPT7,0.24,fs,MPa,0.0084
CPT7,0.24,qc,MPa,1.7715
CPT7,0.25,fs,MPa,0.0084
CPT7,0.25,qc,MPa,1.859
CPT7,0.26,fs,MPa,0.0084
CPT7,0.26,qc,MPa,1.9624
CPT7,0.27,fs,MPa,0.0084
CPT7,0.27,qc,MPa,2.1374
CPT7,0.28,fs,MPa,0.0084
CPT7,0.28,qc,MPa,2.2051
CPT7,0.29,fs,MPa,0.0084
CPT7,0.29,qc,MPa,2.2926
CPT7,0.3,fs,MPa,0.0129
CPT7,0.3,qc,MPa,2.3721
CPT7,0.31,fs,MPa,0.014
CPT7,0.31,qc,MPa,2.5432
CPT7,0.32,fs,MPa,0.014
CPT7,0.32,qc,MPa,2.6267
CPT7,0.33,fs,MPa,0.0151
CPT7,0.33,qc,MPa,2.7142
CPT7,0.34,fs,MPa,0.0151
CPT7,0.34,qc,MPa,2.8136
CPT7,0.35,fs,MPa,0.0152
CPT7,0.35,qc,MPa,3.0205
CPT7,0.36,fs,MPa,0.0154
CPT7,0.36,qc,MPa,3.3984
CPT7,0.37,fs,MPa,0.0161
CPT7,0.37,qc,MPa,3.5455
CPT7,0.38,fs,MPa,0.0168
CPT7,0.38,qc,MPa,3.6808
CPT7,0.39,fs,MPa,0.0169
CPT7,0.39,qc,MPa,3.8956
CPT7,0.4,fs,MPa,0.0171
CPT7,0.4,qc,MPa,4.1064
CPT7,0.41,fs,MPa,0.0175
CPT7,0.41,qc,MPa,4.5161
CPT7,0.42,fs,MPa,0.0187
CPT7,0.42,qc,MPa,4.6712
CPT7,0.43,fs,MPa,0.0199
CPT7,0.43,qc,MPa,4.8542
CPT7,0.44,fs,MPa,0.0203
CPT7,0.44,qc,MPa,5.0014
CPT7,0.45,fs,MPa,0.0208
CPT7,0.45,qc,MPa,5.256
CPT7,0.46,fs,MPa,0.0215
CPT7,0.46,qc,MPa,5.3435
CPT7,0.47,fs,MPa,0.0222
CPT7,0.47,qc,MPa,5.4111
CPT7,0.48,fs,MPa,0.0229
CPT7,0.48,qc,MPa,5.5066
CPT7,0.49,fs,MPa,0.0239
CPT7,0.49,qc,MPa,5.602
CPT7,0.5,fs,MPa,0.0238
CPT7,0.5,qc,MPa,5.6577
CPT7,0.51,fs,MPa,0.0262
CPT7,0.51,qc,MPa,5.7492
CPT7,0.52,fs,MPa,0.0266
CPT7,0.52,qc,MPa,5.7969
CPT7,0.53,fs,MPa,0.0269
CPT7,0.53,qc,MPa,5.8089
CPT7,0.54,fs,MPa,0.0273
CPT7,0.54,qc,MPa,5.9004
CPT7,0.55,fs,MPa,0.0277
CPT7,0.55,qc,MPa,5.9401
CPT7,0.56,fs,MPa,0.0288
CPT7,0.56,qc,MPa,6.0157
CPT7,0.57,fs,MPa,0.0293
CPT7,0.57,qc,MPa,6.0714
CPT7,0.58,fs,MPa,0.0296
CPT7,0.58,qc,MPa,6.2027
CPT7,0.59,fs,MPa,0.03
CPT7,0.59,qc,MPa,6.3936
CPT7,0.6,fs,MPa,0.0301
CPT7,0.6,qc,MPa,6.493
CPT7,0.61,fs,MPa,0.0301
CPT7,0.61,qc,MPa,6.7476
CPT7,0.62,fs,MPa,0.0301
CPT7,0.62,qc,MPa,7.1374
CPT7,0.63,fs,MPa,0.0302
CPT7,0.63,qc,MPa,7.5312
CPT7,0.64,fs,MPa,0.0302
CPT7,0.64,qc,MPa,7.9608
CPT7,0.65,fs,MPa,0.0303
CPT7,0.65,qc,MPa,8.5455
CPT7,0.66,fs,MPa,0.0311
CPT7,0.66,qc,MPa,8.8996
CPT7,0.67,fs,MPa,0.0339
CPT7,0.67,qc,MPa,9.1581
CPT7,0.68,fs,MPa,0.038
CPT7,0.68,qc,MPa,9.6235
CPT7,0.69,fs,MPa,0.0394
CPT7,0.69,qc,MPa,9.8423
CPT7,0.7,fs,MPa,0.0409
CPT7,0.7,qc,MPa,10.084
CPT7,0.71,fs,MPa,0.0433
CPT7,0.71,qc,MPa,10.239
CPT7,0.72,fs,MPa,0.0448
CPT7,0.72,qc,MPa,10.278
CPT7,0.73,fs,MPa,0.0462
CPT7,0.73,qc,MPa,10.46
CPT7,0.74,fs,MPa,0.0465
CPT7,0.74,qc,MPa,10.618
CPT7,0.75,fs,MPa,0.0464
CPT7,0.75,qc,MPa,10.709
CPT7,0.76,fs,MPa,0.0466
CPT7,0.76,qc,MPa,10.998
CPT7,0.77,fs,MPa,0.0468
CPT7,0.77,qc,MPa,11.192
CPT7,0.78,fs,MPa,0.0473
CPT7,0.78,qc,MPa,11.425
CPT7,0.79,fs,MPa,0.0478
CPT7,0.79,qc,MPa,11.994
CPT7,0.8,fs,MPa,0.0483
CPT7,0.8,qc,MPa,12.228
CPT7,0.81,fs,MPa,0.0488
CPT7,0.81,qc,MPa,12.647
CPT7,0.82,fs,MPa,0.0515
CPT7,0.82,qc,MPa,12.856
CPT7,0.83,fs,MPa,0.0539
CPT7,0.83,qc,MPa,12.987
CPT7,0.84,fs,MPa,0.0561
CPT7,0.84,qc,MPa,13.2
CPT7,0.85,fs,MPa,0.0577
CPT7,0.85,qc,MPa,13.268
CPT7,0.86,fs,MPa,0.059
CPT7,0.86,qc,MPa,13.256
CPT7,0.87,fs,MPa,0.059
CPT7,0.87,qc,MPa,13.295
CPT7,0.88,fs,MPa,0.0597
CPT7,0.88,qc,MPa,13.275
CPT7,0.89,fs,MPa,0.0601
CPT7,0.89,qc,MPa,12.931
CPT7,0.9,fs,MPa,0.0602
CPT7,0.9,qc,MPa,12.813
CPT7,0.91,fs,MPa,0.0603
CPT7,0.91,qc,MPa,12.754
CPT7,0.92,fs,MPa,0.0603
CPT7,0.92,qc,MPa,12.726
CPT7,0.93,fs,MPa,0.0602
CPT7,0.93,qc,MPa,12.72
CPT7,0.94,fs,MPa,0.0602
CPT7,0.94,qc,MPa,12.7171
CPT7,0.95,fs,MPa,0.0602
CPT7,0.95,qc,MPa,12.7157
CPT7,0.96,fs,MPa,0.0594
CPT7,0.96,qc,MPa,12.7163
CPT7,0.97,fs,MPa,0.0585
CPT7,0.97,qc,MPa,12.717
CPT7,0.98,fs,MPa,0.0582
CPT7,0.98,qc,MPa,12.75
CPT7,0.99,fs,MPa,0.0576
CPT7,0.99,qc,MPa,12.892
CPT7,1.0,fs,MPa,0.0576
CPT7,1.0,qc,MPa,13.204
CPT7,1.01,fs,MPa,0.0577
CPT7,1.01,qc,MPa,13.635
CPT7,1.02,fs,MPa,0.0577
CPT7,1.02,qc,MPa,13.904
CPT7,1.03,fs,MPa,0.0579
CPT7,1.03,qc,MPa,14.517
CPT7,1.04,fs,MPa,0.0605
CPT7,1.04,qc,MPa,14.841
CPT7,1.05,fs,MPa,0.0625
CPT7,1.05,qc,MPa,15.205
CPT7,1.06,fs,MPa,0.0644
CPT7,1.06,qc,MPa,15.77
CPT7,1.07,fs,MPa,0.0645
CPT7,1.07,qc,MPa,16.02
CPT7,1.08,fs,MPa,0.0704
CPT7,1.08,qc,MPa,16.182
CPT7,1.09,fs,MPa,0.0705
CPT7,1.09,qc,MPa,16.462
CPT7,1.1,fs,MPa,0.0706
CPT7,1.1,qc,MPa,16.557
CPT7,1.11,fs,MPa,0.0715
CPT7,1.11,qc,MPa,16.617
CPT7,1.12,fs,MPa,0.0725
CPT7,1.12,qc,MPa,16.767
CPT7,1.13,fs,MPa,0.0735
CPT7,1.13,qc,MPa,16.909
CPT7,1.14,fs,MPa,0.0734
CPT7,1.14,qc,MPa,17.032
CPT7,1.15,fs,MPa,0.0769
CPT7,1.15,qc,MPa,17.147
CPT7,1.16,fs,MPa,0.0782
CPT7,1.16,qc,MPa,17.791
CPT7,1.17,fs,MPa,0.0795
CPT7,1.17,qc,MPa,18.111
CPT7,1.18,fs,MPa,0.0805
CPT7,1.18,qc,MPa,18.455
CPT7,1.19,fs,MPa,0.0815
CPT7,1.19,qc,MPa,18.784
CPT7,1.2,fs,MPa,0.0816
CPT7,1.2,qc,MPa,19.052
CPT7,1.21,fs,MPa,0.0817
CPT7,1.21,qc,MPa,19.44
CPT7,1.22,fs,MPa,0.0817
CPT7,1.22,qc,MPa,19.515
CPT7,1.23,fs,MPa,0.0819
CPT7,1.23,qc,MPa,19.582
CPT7,1.24,fs,MPa,0.0819
CPT7,1.24,qc,MPa,19.578
CPT7,1.25,fs,MPa,0.0819
CPT7,1.25,qc,MPa,19.57
CPT7,1.26,fs,MPa,0.0819
CPT7,1.26,qc,MPa,19.333
CPT7,1.27,fs,MPa,0.0819
CPT7,1.27,qc,MPa,19.242
CPT7,1.28,fs,MPa,0.0818
CPT7,1.28,qc,MPa,19.124
CPT7,1.29,fs,MPa,0.0817
CPT7,1.29,qc,MPa,18.957
CPT7,1.3,fs,MPa,0.0816
CPT7,1.3,qc,MPa,18.704
CPT7,1.31,fs,MPa,0.0817
CPT7,1.31,qc,MPa,18.534
CPT7,1.32,fs,MPa,0.0817
CPT7,1.32,qc,MPa,18.519
CPT7,1.33,fs,MPa,0.0817
CPT7,1.33,qc,MPa,18.474
CPT7,1.34,fs,MPa,0.0819
CPT7,1.34,qc,MPa,18.4519
CPT7,1.35,fs,MPa,0.0819
CPT7,1.35,qc,MPa,18.4425
CPT7,1.36,fs,MPa,0.0819
CPT7,1.36,qc,MPa,18.4553
CPT7,1.37,fs,MPa,0.0819
CPT7,1.37,qc,MPa,18.4681
CPT7,1.38,fs,MPa,0.0819
CPT7,1.38,qc,MPa,18.495
CPT7,1.39,fs,MPa,0.0819
CPT7,1.39,qc,MPa,18.835
CPT7,1.4,fs,MPa,0.0819
CPT7,1.4,qc,MPa,19.029
CPT7,1.41,fs,MPa,0.0819
CPT7,1.41,qc,MPa,19.294
CPT7,1.42,fs,MPa,0.0819
CPT7,1.42,qc,MPa,19.28
CPT7,1.43,fs,MPa,0.0819
CPT7,1.43,qc,MPa,19.546
CPT7,1.44,fs,MPa,0.0821
CPT7,1.44,qc,MPa,19.812
CPT7,1.45,fs,MPa,0.0848
CPT7,1.45,qc,MPa,20.184
CPT7,1.46,fs,MPa,0.0866
CPT7,1.46,qc,MPa,20.466
CPT7,1.47,fs,MPa,0.0863
CPT7,1.47,qc,MPa,20.533
CPT7,1.48,fs,MPa,0.0918
CPT7,1.48,qc,MPa,20.533
CPT7,1.49,fs,MPa,0.0922
CPT7,1.49,qc,MPa,20.505
CPT7,1.5,fs,MPa,0.0933
CPT7,1.5,qc,MPa,20.45
CPT7,1.51,fs,MPa,0.0939
CPT7,1.51,qc,MPa,20.402
CPT7,1.52,fs,MPa,0.0942
CPT7,1.52,qc,MPa,20.4014
CPT7,1.53,fs,MPa,0.0943
CPT7,1.53,qc,MPa,20.4013
CPT7,1.54,fs,MPa,0.0942
CPT7,1.54,qc,MPa,20.4019
CPT7,1.55,fs,MPa,0.0942
CPT7,1.55,qc,MPa,20.4025
CPT7,1.56,fs,MPa,0.0939
CPT7,1.56,qc,MPa,20.41
CPT7,1.57,fs,MPa,0.0938
CPT7,1.57,qc,MPa,20.486
CPT7,1.58,fs,MPa,0.0939
CPT7,1.58,qc,MPa,20.644
CPT7,1.59,fs,MPa,0.094
CPT7,1.59,qc,MPa,21.176
CPT7,1.6,fs,MPa,0.0943
CPT7,1.6,qc,MPa,21.525
CPT7,1.61,fs,MPa,0.0956
CPT7,1.61,qc,MPa,22.033
CPT7,1.62,fs,MPa,0.0989
CPT7,1.62,qc,MPa,22.446
CPT7,1.63,fs,MPa,0.1023
CPT7,1.63,qc,MPa,23.045
CPT7,1.64,fs,MPa,0.1012
CPT7,1.64,qc,MPa,23.208
CPT7,1.65,fs,MPa,0.1034
CPT7,1.65,qc,MPa,23.41
CPT7,1.66,fs,MPa,0.1046
CPT7,1.66,qc,MPa,23.529
CPT7,1.67,fs,MPa,0.1066
CPT7,1.67,qc,MPa,23.589
CPT7,1.68,fs,MPa,0.1115
CPT7,1.68,qc,MPa,23.525
CPT7,1.69,fs,MPa,0.1125
CPT7,1.69,qc,MPa,23.486
CPT7,1.7,fs,MPa,0.113
CPT7,1.7,qc,MPa,23.374
CPT7,1.71,fs,MPa,0.1134
CPT7,1.71,qc,MPa,23.232
CPT7,1.72,fs,MPa,0.1132
CPT7,1.72,qc,MPa,23.132
CPT7,1.73,fs,MPa,0.1141
CPT7,1.73,qc,MPa,22.986
CPT7,1.74,fs,MPa,0.115
CPT7,1.74,qc,MPa,22.811
CPT7,1.75,fs,MPa,0.1163
CPT7,1.75,qc,MPa,22.565
CPT7,1.76,fs,MPa,0.117
CPT7,1.76,qc,MPa,22.501
CPT7,1.77,fs,MPa,0.117
CPT7,1.77,qc,MPa,22.4986
CPT7,1.78,fs,MPa,0.1169
CPT7,1.78,qc,MPa,22.4975
CPT7,1.79,fs,MPa,0.1165
CPT7,1.79,qc,MPa,22.5053
CPT7,1.8,fs,MPa,0.1155
CPT7,1.8,qc,MPa,22.5131
CPT7,1.81,fs,MPa,0.1113
CPT7,1.81,qc,MPa,22.529
CPT7,1.82,fs,MPa,0.1095
CPT7,1.82,qc,MPa,22.767
CPT7,1.83,fs,MPa,0.1086
CPT7,1.83,qc,MPa,23.077
CPT7,1.84,fs,MPa,0.1087
CPT7,1.84,qc,MPa,23.454
CPT7,1.85,fs,MPa,0.1087
CPT7,1.85,qc,MPa,24.045
CPT7,1.86,fs,MPa,0.1092
CPT7,1.86,qc,MPa,24.557
CPT7,1.87,fs,MPa,0.1116
CPT7,1.87,qc,MPa,25.16
CPT7,1.88,fs,MPa,0.1139
CPT7,1.88,qc,MPa,25.763
CPT7,1.89,fs,MPa,0.1162
CPT7,1.89,qc,MPa,26.787
CPT7,1.9,fs,MPa,0.1144
CPT7,1.9,qc,MPa,27.136
CPT7,1.91,fs,MPa,0.1177
CPT7,1.91,qc,MPa,27.347
CPT7,1.92,fs,MPa,0.116
CPT7,1.92,qc,MPa,27.565
CPT7,1.93,fs,MPa,0.1234
CPT7,1.93,qc,MPa,27.605
CPT7,1.94,fs,MPa,0.1238
CPT7,1.94,qc,MPa,27.664
CPT7,1.95,fs,MPa,0.1242
CPT7,1.95,qc,MPa,27.103
CPT7,1.96,fs,MPa,0.1249
CPT7,1.96,qc,MPa,27.101
CPT7,1.97,fs,MPa,0.1256
CPT7,1.97,qc,MPa,27.101
CPT7,1.98,fs,MPa,0.1278
CPT7,1.98,qc,MPa,27.101
CPT7,1.99,fs,MPa,0.1303
CPT7,1.99,qc,MPa,27.101
CPT7,2.0,fs,MPa,0.1329
CPT7,2.0,qc,MPa,27.406
CPT7,2.01,fs,MPa,0.1315
CPT7,2.01,qc,MPa,27.521
CPT7,2.02,fs,MPa,0.1333
CPT7,2.02,qc,MPa,27.803
CPT7,2.03,fs,MPa,0.1334
CPT7,2.03,qc,MPa,28.228
CPT7,2.04,fs,MPa,0.1335
CPT7,2.04,qc,MPa,29.14
CPT7,2.05,fs,MPa,0.1424
CPT7,2.05,qc,MPa,29.478
CPT7,2.06,fs,MPa,0.1419
CPT7,2.06,qc,MPa,29.736
CPT7,2.07,fs,MPa,0.1429
CPT7,2.07,qc,MPa,29.934
CPT7,2.08,fs,MPa,0.1439
CPT7,2.08,qc,MPa,30.001
CPT7,2.09,fs,MPa,0.1483
CPT7,2.09,qc,MPa,30.069
CPT7,2.1,fs,MPa,0.1469
CPT7,2.1,qc,MPa,30.029
CPT7,2.11,fs,MPa,0.1503
CPT7,2.11,qc,MPa,29.898
CPT7,2.12,fs,MPa,0.1547
CPT7,2.12,qc,MPa,29.609
CPT7,2.13,fs,MPa,0.1547
CPT7,2.13,qc,MPa,29.438
CPT7,2.14,fs,MPa,0.1547
CPT7,2.14,qc,MPa,29.204
CPT7,2.15,fs,MPa,0.1547
CPT7,2.15,qc,MPa,29.009
CPT7,2.16,fs,MPa,0.1547
CPT7,2.16,qc,MPa,28.974
CPT7,2.17,fs,MPa,0.1546
CPT7,2.17,qc,MPa,28.9594
CPT7,2.18,fs,MPa,0.1545
CPT7,2.18,qc,MPa,28.9651
CPT7,2.19,fs,MPa,0.1519
CPT7,2.19,qc,MPa,28.9708
CPT7,2.2,fs,MPa,0.1494
CPT7,2.2,qc,MPa,29.026
CPT7,2.21,fs,MPa,0.1468
CPT7,2.21,qc,MPa,29.259
CPT7,2.22,fs,MPa,0.1467
CPT7,2.22,qc,MPa,29.672
CPT7,2.23,fs,MPa,0.1467
CPT7,2.23,qc,MPa,30.204
CPT7,2.24,fs,MPa,0.1468
CPT7,2.24,qc,MPa,30.848
CPT7,2.25,fs,MPa,0.147
CPT7,2.25,qc,MPa,31.459
CPT7,2.26,fs,MPa,0.1496
CPT7,2.26,qc,MPa,32.055
CPT7,2.27,fs,MPa,0.1531
CPT7,2.27,qc,MPa,32.818
CPT7,2.28,fs,MPa,0.1566
CPT7,2.28,qc,MPa,33.966
CPT7,2.29,fs,MPa,0.1597
CPT7,2.29,qc,MPa,34.352
CPT7,2.3,fs,MPa,0.1682
CPT7,2.3,qc,MPa,34.483
CPT7,2.31,fs,MPa,0.1686
CPT7,2.31,qc,MPa,34.769
CPT7,2.32,fs,MPa,0.1687
CPT7,2.32,qc,MPa,34.98
CPT7,2.33,fs,MPa,0.1688
CPT7,2.33,qc,MPa,35.341
CPT7,2.34,fs,MPa,0.1671
CPT7,2.34,qc,MPa,35.564
CPT7,2.35,fs,MPa,0.1654
CPT7,2.35,qc,MPa,35.766
CPT7,2.36,fs,MPa,0.15
CPT7,2.36,qc,MPa,36.179
CPT7,2.37,qc,MPa,36.386
CPT7,2.38,qc,MPa,36.994
CPT7,2.39,qc,MPa,37.602
CPT7,2.4,qc,MPa,39.088
CPT7,2.41,qc,MPa,40.719
CPT7,2.42,qc,MPa,42.039
CPT7,2.43,qc,MPa,43.65
ave,0.0,fs,MPa,0.0
ave,0.0,qc,MPa,0.0019
ave,0.01,fs,MPa,0.0
ave,0.01,qc,MPa,0.003728571
ave,0.02,fs,MPa,5.714286e-05
ave,0.02,qc,MPa,0.01152857
ave,0.03,fs,MPa,0.0001285714
ave,0.03,qc,MPa,0.02727143
ave,0.04,fs,MPa,0.0002428571
ave,0.04,qc,MPa,0.05695714
ave,0.05,fs,MPa,0.0004285714
ave,0.05,qc,MPa,0.09787143
ave,0.06,fs,MPa,0.0007857143
ave,0.06,qc,MPa,0.1450429
ave,0.07,fs,MPa,0.001571429
ave,0.07,qc,MPa,0.1956143
ave,0.08,fs,MPa,0.001757143
ave,0.08,qc,MPa,0.2393571
ave,0.09,fs,MPa,0.001985714
ave,0.09,qc,MPa,0.2933429
ave,0.1,fs,MPa,0.002242857
ave,0.1,qc,MPa,0.3473429
ave,0.11,fs,MPa,0.002714286
ave,0.11,qc,MPa,0.4001857
ave,0.12,fs,MPa,0.003057143
ave,0.12,qc,MPa,0.4797286
ave,0.13,fs,MPa,0.0033
ave,0.13,qc,MPa,0.5507714
ave,0.14,fs,MPa,0.003442857
ave,0.14,qc,MPa,0.6183857
ave,0.15,fs,MPa,0.003657143
ave,0.15,qc,MPa,0.6911143
ave,0.16,fs,MPa,0.003928571
ave,0.16,qc,MPa,0.7763571
ave,0.17,fs,MPa,0.004285714
ave,0.17,qc,MPa,0.9087571
ave,0.18,fs,MPa,0.004771429
ave,0.18,qc,MPa,1.053086
ave,0.19,fs,MPa,0.004714286
ave,0.19,qc,MPa,1.174143
ave,0.2,fs,MPa,0.005157143
ave,0.2,qc,MPa,1.316757
ave,0.21,fs,MPa,0.005514286
ave,0.21,qc,MPa,1.434371
ave,0.22,fs,MPa,0.0056
ave,0.22,qc,MPa,1.559386
ave,0.23,fs,MPa,0.005828571
ave,0.23,qc,MPa,1.730443
ave,0.24,fs,MPa,0.005814286
ave,0.24,qc,MPa,1.851485
ave,0.25,fs,MPa,0.00628571
ave,0.25,qc,MPa,1.970814
ave,0.26,fs,MPa,0.006757143
ave,0.26,qc,MPa,2.120814
ave,0.27,fs,MPa,0.007571429
ave,0.27,qc,MPa,2.2123
ave,0.28,fs,MPa,0.007871429
ave,0.28,qc,MPa,2.308343
ave,0.29,fs,MPa,0.008485714
ave,0.29,qc,MPa,2.420286
ave,0.3,fs,MPa,0.009357143
ave,0.3,qc,MPa,2.520271
ave,0.31,fs,MPa,0.009971429
ave,0.31,qc,MPa,2.626571
ave,0.32,fs,MPa,0.01002857
ave,0.32,qc,MPa,2.731686
ave,0.33,fs,MPa,0.01067143
ave,0.33,qc,MPa,2.921486
ave,0.34,fs,MPa,0.01095714
ave,0.34,qc,MPa,3.034557
ave,0.35,fs,MPa,0.0116
ave,0.35,qc,MPa,3.187429
ave,0.36,fs,MPa,0.01238571
ave,0.36,qc,MPa,3.464157
ave,0.37,fs,MPa,0.0126
ave,0.37,qc,MPa,3.676687
ave,0.38,fs,MPa,0.0136
ave,0.38,qc,MPa,3.903987
ave,0.39,fs,MPa,0.01425715
ave,0.39,qc,MPa,4.162544
ave,0.4,fs,MPa,0.01451429
ave,0.4,qc,MPa,4.394944
ave,0.41,fs,MPa,0.01514287
ave,0.41,qc,MPa,4.686458
ave,0.42,fs,MPa,0.01658572
ave,0.42,qc,MPa,4.846115
ave,0.43,fs,MPa,0.01741429
ave,0.43,qc,MPa,5.076829
ave,0.44,fs,MPa,0.01758572
ave,0.44,qc,MPa,5.203572
ave,0.45,fs,MPa,0.01801429
ave,0.45,qc,MPa,5.392772
ave,0.46,fs,MPa,0.01882857
ave,0.46,qc,MPa,5.541658
ave,0.47,fs,MPa,0.01934286
ave,0.47,qc,MPa,5.653043
ave,0.48,fs,MPa,0.02015715
ave,0.48,qc,MPa,5.731472
ave,0.49,fs,MPa,0.02168573
ave,0.49,qc,MPa,5.869544
ave,0.5,fs,MPa,0.02274286
ave,0.5,qc,MPa,5.932629
ave,0.51,fs,MPa,0.02384286
ave,0.51,qc,MPa,6.025815
ave,0.52,fs,MPa,0.0245
ave,0.52,qc,MPa,6.087172
ave,0.53,fs,MPa,0.02467143
ave,0.53,qc,MPa,6.169572
ave,0.54,fs,MPa,0.02485715
ave,0.54,qc,MPa,6.275273
ave,0.55,fs,MPa,0.02511429
ave,0.55,qc,MPa,6.373572
ave,0.56,fs,MPa,0.02532858
ave,0.56,qc,MPa,6.491216
ave,0.57,fs,MPa,0.02578572
ave,0.57,qc,MPa,6.679873
ave,0.58,fs,MPa,0.02611429
ave,0.58,qc,MPa,6.86796
ave,0.59,fs,MPa,0.02645714
ave,0.59,qc,MPa,7.15152
ave,0.6,fs,MPa,0.0268143
ave,0.6,qc,MPa,7.504947
ave,0.61,fs,MPa,0.02708573
ave,0.61,qc,MPa,7.847605
ave,0.62,fs,MPa,0.0283143
ave,0.62,qc,MPa,8.291961
ave,0.63,fs,MPa,0.0292286
ave,0.63,qc,MPa,8.67329
ave,0.64,fs,MPa,0.03015716
ave,0.64,qc,MPa,8.99376
ave,0.65,fs,MPa,0.03108574
ave,0.65,qc,MPa,9.312974
ave,0.66,fs,MPa,0.03210002
ave,0.66,qc,MPa,9.539988
ave,0.67,fs,MPa,0.03315716
ave,0.67,qc,MPa,9.731658
ave,0.68,fs,MPa,0.03522859
ave,0.68,qc,MPa,9.872401
ave,0.69,fs,MPa,0.03630001
ave,0.69,qc,MPa,9.962173
ave,0.7,fs,MPa,0.0372
ave,0.7,qc,MPa,10.06841
ave,0.71,fs,MPa,0.03791429
ave,0.71,qc,MPa,10.12499
ave,0.72,fs,MPa,0.03867144
ave,0.72,qc,MPa,10.18692
ave,0.73,fs,MPa,0.03922858
ave,0.73,qc,MPa,10.319
ave,0.74,fs,MPa,0.03962859
ave,0.74,qc,MPa,10.44597
ave,0.75,fs,MPa,0.04024286
ave,0.75,qc,MPa,10.59992
ave,0.76,fs,MPa,0.04102858
ave,0.76,qc,MPa,10.87682
ave,0.77,fs,MPa,0.0414
ave,0.77,qc,MPa,11.13379
ave,0.78,fs,MPa,0.04271429
ave,0.78,qc,MPa,11.51803
ave,0.79,fs,MPa,0.04290002
ave,0.79,qc,MPa,11.87557
ave,0.8,fs,MPa,0.04395716
ave,0.8,qc,MPa,12.25915
ave,0.81,fs,MPa,0.0450286
ave,0.81,qc,MPa,12.59291
ave,0.82,fs,MPa,0.04668576
ave,0.82,qc,MPa,12.90689
ave,0.83,fs,MPa,0.04808575
ave,0.83,qc,MPa,13.094
ave,0.84,fs,MPa,0.04927146
ave,0.84,qc,MPa,13.25547
ave,0.85,fs,MPa,0.05042862
ave,0.85,qc,MPa,13.3629
ave,0.86,fs,MPa,0.05197143
ave,0.86,qc,MPa,13.40404
ave,0.87,fs,MPa,0.05264288
ave,0.87,qc,MPa,13.41937
ave,0.88,fs,MPa,0.05394286
ave,0.88,qc,MPa,13.41904
ave,0.89,fs,MPa,0.05437143
ave,0.89,qc,MPa,13.35024
ave,0.9,fs,MPa,0.05499999
ave,0.9,qc,MPa,13.30566
ave,0.91,fs,MPa,0.0553857
ave,0.91,qc,MPa,13.26693
ave,0.92,fs,MPa,0.05537144
ave,0.92,qc,MPa,13.23013
ave,0.93,fs,MPa,0.05557144
ave,0.93,qc,MPa,13.20759
ave,0.94,fs,MPa,0.05578572
ave,0.94,qc,MPa,13.22067
ave,0.95,fs,MPa,0.05585714
ave,0.95,qc,MPa,13.23959
ave,0.96,fs,MPa,0.05574286
ave,0.96,qc,MPa,13.32263
ave,0.97,fs,MPa,0.05554286
ave,0.97,qc,MPa,13.38792
ave,0.98,fs,MPa,0.05558572
ave,0.98,qc,MPa,13.48903
ave,0.99,fs,MPa,0.05565716
ave,0.99,qc,MPa,13.68147
ave,1.0,fs,MPa,0.05618571
ave,1.0,qc,MPa,13.97224
ave,1.01,fs,MPa,0.05670007
ave,1.01,qc,MPa,14.3147
ave,1.02,fs,MPa,0.05828572
ave,1.02,qc,MPa,14.62531
ave,1.03,fs,MPa,0.05851432
ave,1.03,qc,MPa,14.98676
ave,1.04,fs,MPa,0.05955723
ave,1.04,qc,MPa,15.36802
ave,1.05,fs,MPa,0.06164291
ave,1.05,qc,MPa,15.67043
ave,1.06,fs,MPa,0.06281438
ave,1.06,qc,MPa,15.92726
ave,1.07,fs,MPa,0.0642429
ave,1.07,qc,MPa,16.09349
ave,1.08,fs,MPa,0.06594296
ave,1.08,qc,MPa,16.21103
ave,1.09,fs,MPa,0.0671572
ave,1.09,qc,MPa,16.21329
ave,1.1,fs,MPa,0.06765721
ave,1.1,qc,MPa,16.28843
ave,1.11,fs,MPa,0.06854289
ave,1.11,qc,MPa,16.33923
ave,1.12,fs,MPa,0.06908574
ave,1.12,qc,MPa,16.37034
ave,1.13,fs,MPa,0.06955715
ave,1.13,qc,MPa,16.41794
ave,1.14,fs,MPa,0.06954286
ave,1.14,qc,MPa,16.48549
ave,1.15,fs,MPa,0.07007144
ave,1.15,qc,MPa,16.62722
ave,1.16,fs,MPa,0.0704429
ave,1.16,qc,MPa,16.85214
ave,1.17,fs,MPa,0.07107144
ave,1.17,qc,MPa,17.10742
ave,1.18,fs,MPa,0.07194288
ave,1.18,qc,MPa,17.39134
ave,1.19,fs,MPa,0.07240003
ave,1.19,qc,MPa,17.64301
ave,1.2,fs,MPa,0.07281434
ave,1.2,qc,MPa,17.87453
ave,1.21,fs,MPa,0.07368573
ave,1.21,qc,MPa,18.15531
ave,1.22,fs,MPa,0.07424288
ave,1.22,qc,MPa,18.32479
ave,1.23,fs,MPa,0.07478574
ave,1.23,qc,MPa,18.48744
ave,1.24,fs,MPa,0.07597147
ave,1.24,qc,MPa,18.63189
ave,1.25,fs,MPa,0.07674288
ave,1.25,qc,MPa,18.65879
ave,1.26,fs,MPa,0.07755717
ave,1.26,qc,MPa,18.67887
ave,1.27,fs,MPa,0.07900012
ave,1.27,qc,MPa,18.65167
ave,1.28,fs,MPa,0.08052861
ave,1.28,qc,MPa,18.62284
ave,1.29,fs,MPa,0.08112857
ave,1.29,qc,MPa,18.56369
ave,1.3,fs,MPa,0.08118572
ave,1.3,qc,MPa,18.49814
ave,1.31,fs,MPa,0.08130001
ave,1.31,qc,MPa,18.44596
ave,1.32,fs,MPa,0.08141429
ave,1.32,qc,MPa,18.44241
ave,1.33,fs,MPa,0.08142857
ave,1.33,qc,MPa,18.3992
ave,1.34,fs,MPa,0.08144282
ave,1.34,qc,MPa,18.42383
ave,1.35,fs,MPa,0.08115711
ave,1.35,qc,MPa,18.48343
ave,1.36,fs,MPa,0.08082857
ave,1.36,qc,MPa,18.56079
ave,1.37,fs,MPa,0.08095715
ave,1.37,qc,MPa,18.69318
ave,1.38,fs,MPa,0.0811429
ave,1.38,qc,MPa,18.90055
ave,1.39,fs,MPa,0.08205715
ave,1.39,qc,MPa,19.19668
ave,1.4,fs,MPa,0.08288575
ave,1.4,qc,MPa,19.39845
ave,1.41,fs,MPa,0.0836429
ave,1.41,qc,MPa,19.70224
ave,1.42,fs,MPa,0.08432859
ave,1.42,qc,MPa,19.897
ave,1.43,fs,MPa,0.08474292
ave,1.43,qc,MPa,20.07981
ave,1.44,fs,MPa,0.08552866
ave,1.44,qc,MPa,20.20671
ave,1.45,fs,MPa,0.08805716
ave,1.45,qc,MPa,20.29555
ave,1.46,fs,MPa,0.08880001
ave,1.46,qc,MPa,20.2951
ave,1.47,fs,MPa,0.08938571
ave,1.47,qc,MPa,20.24957
ave,1.48,fs,MPa,0.09022857
ave,1.48,qc,MPa,20.17494
ave,1.49,fs,MPa,0.09008571
ave,1.49,qc,MPa,20.06851
ave,1.5,fs,MPa,0.09021425
ave,1.5,qc,MPa,19.95221
ave,1.51,fs,MPa,0.08967141
ave,1.51,qc,MPa,19.82833
ave,1.52,fs,MPa,0.08921427
ave,1.52,qc,MPa,19.69811
ave,1.53,fs,MPa,0.08917141
ave,1.53,qc,MPa,19.60007
ave,1.54,fs,MPa,0.08848569
ave,1.54,qc,MPa,19.53561
ave,1.55,fs,MPa,0.08779999
ave,1.55,qc,MPa,19.48201
ave,1.56,fs,MPa,0.08691426
ave,1.56,qc,MPa,19.48433
ave,1.57,fs,MPa,0.08665712
ave,1.57,qc,MPa,19.49979
ave,1.58,fs,MPa,0.08584282
ave,1.58,qc,MPa,19.55407
ave,1.59,fs,MPa,0.08542857
ave,1.59,qc,MPa,19.74345
ave,1.6,fs,MPa,0.08545714
ave,1.6,qc,MPa,19.86811
ave,1.61,fs,MPa,0.08567144
ave,1.61,qc,MPa,20.14654
ave,1.62,fs,MPa,0.08634288
ave,1.62,qc,MPa,20.48812
ave,1.63,fs,MPa,0.08720005
ave,1.63,qc,MPa,20.94839
ave,1.64,fs,MPa,0.08810007
ave,1.64,qc,MPa,21.30981
ave,1.65,fs,MPa,0.08968583
ave,1.65,qc,MPa,21.65383
ave,1.66,fs,MPa,0.09184293
ave,1.66,qc,MPa,21.8749
ave,1.67,fs,MPa,0.09384294
ave,1.67,qc,MPa,22.12551
ave,1.68,fs,MPa,0.09615721
ave,1.68,qc,MPa,22.19738
ave,1.69,fs,MPa,0.09715721
ave,1.69,qc,MPa,22.24406
ave,1.7,fs,MPa,0.09818583
ave,1.7,qc,MPa,22.20857
ave,1.71,fs,MPa,0.1
ave,1.71,qc,MPa,22.18673
ave,1.72,fs,MPa,0.1006572
ave,1.72,qc,MPa,22.09135
ave,1.73,fs,MPa,0.1012286
ave,1.73,qc,MPa,21.96922
ave,1.74,fs,MPa,0.1013286
ave,1.74,qc,MPa,21.84524
ave,1.75,fs,MPa,0.1014571
ave,1.75,qc,MPa,21.74488
ave,1.76,fs,MPa,0.1015286
ave,1.76,qc,MPa,21.68591
ave,1.77,fs,MPa,0.1014285
ave,1.77,qc,MPa,21.66549
ave,1.78,fs,MPa,0.1009428
ave,1.78,qc,MPa,21.66697
ave,1.79,fs,MPa,0.09982853
ave,1.79,qc,MPa,21.68395
ave,1.8,fs,MPa,0.09874285
ave,1.8,qc,MPa,21.7449
ave,1.81,fs,MPa,0.09758577
ave,1.81,qc,MPa,21.90687
ave,1.82,fs,MPa,0.09774282
ave,1.82,qc,MPa,22.11517
ave,1.83,fs,MPa,0.09720004
ave,1.83,qc,MPa,22.44742
ave,1.84,fs,MPa,0.09762864
ave,1.84,qc,MPa,22.94409
ave,1.85,fs,MPa,0.09844285
ave,1.85,qc,MPa,23.46275
ave,1.86,fs,MPa,0.09874298
ave,1.86,qc,MPa,23.9809
ave,1.87,fs,MPa,0.1010145
ave,1.87,qc,MPa,24.47635
ave,1.88,fs,MPa,0.1036572
ave,1.88,qc,MPa,24.84528
ave,1.89,fs,MPa,0.1071145
ave,1.89,qc,MPa,25.20995
ave,1.9,fs,MPa,0.1105714
ave,1.9,qc,MPa,25.44788
ave,1.91,fs,MPa,0.1129144
ave,1.91,qc,MPa,25.50471
ave,1.92,fs,MPa,0.1140144
ave,1.92,qc,MPa,25.5154
ave,1.93,fs,MPa,0.1173714
ave,1.93,qc,MPa,25.45258
ave,1.94,fs,MPa,0.1186857
ave,1.94,qc,MPa,25.38359
ave,1.95,fs,MPa,0.1189857
ave,1.95,qc,MPa,25.15942
ave,1.96,fs,MPa,0.1195143
ave,1.96,qc,MPa,25.0478
ave,1.97,fs,MPa,0.119857
ave,1.97,qc,MPa,24.94284
ave,1.98,fs,MPa,0.1193857
ave,1.98,qc,MPa,24.90025
ave,1.99,fs,MPa,0.1190714
ave,1.99,qc,MPa,24.8694
ave,2.0,fs,MPa,0.1184
ave,2.0,qc,MPa,24.92561
ave,2.01,fs,MPa,0.1176
ave,2.01,qc,MPa,25.04716
ave,2.02,fs,MPa,0.1175571
ave,2.02,qc,MPa,25.21062
ave,2.03,fs,MPa,0.1175857
ave,2.03,qc,MPa,25.62441
ave,2.04,fs,MPa,0.1177286
ave,2.04,qc,MPa,25.99634
ave,2.05,fs,MPa,0.1191715
ave,2.05,qc,MPa,26.41721
ave,2.06,fs,MPa,0.1204287
ave,2.06,qc,MPa,26.72078
ave,2.07,fs,MPa,0.1230859
ave,2.07,qc,MPa,27.22808
ave,2.08,fs,MPa,0.1248288
ave,2.08,qc,MPa,27.52481
ave,2.09,fs,MPa,0.127729
ave,2.09,qc,MPa,27.70487
ave,2.1,fs,MPa,0.1297714
ave,2.1,qc,MPa,27.94578
ave,2.11,fs,MPa,0.130986
ave,2.11,qc,MPa,27.93656
ave,2.12,fs,MPa,0.1339718
ave,2.12,qc,MPa,27.95542
ave,2.13,fs,MPa,0.1367858
ave,2.13,qc,MPa,27.99227
ave,2.14,fs,MPa,0.1382001
ave,2.14,qc,MPa,27.9637
ave,2.15,fs,MPa,0.1388429
ave,2.15,qc,MPa,27.93021
ave,2.16,fs,MPa,0.1392143
ave,2.16,qc,MPa,27.98763
ave,2.17,fs,MPa,0.1391714
ave,2.17,qc,MPa,28.01457
ave,2.18,fs,MPa,0.1390857
ave,2.18,qc,MPa,28.10582
ave,2.19,fs,MPa,0.1385143
ave,2.19,qc,MPa,28.20971
ave,2.2,fs,MPa,0.1378429
ave,2.2,qc,MPa,28.5594
ave,2.21,fs,MPa,0.1375287
ave,2.21,qc,MPa,28.91051
ave,2.22,fs,MPa,0.1380144
ave,2.22,qc,MPa,29.23438
ave,2.23,fs,MPa,0.1388431
ave,2.23,qc,MPa,29.81127
ave,2.24,fs,MPa,0.1404429
ave,2.24,qc,MPa,30.34103
ave,2.25,fs,MPa,0.1410288
ave,2.25,qc,MPa,31.07439
ave,2.26,fs,MPa,0.1430005
ave,2.26,qc,MPa,31.61626
ave,2.27,fs,MPa,0.1465858
ave,2.27,qc,MPa,32.26254
ave,2.28,fs,MPa,0.1495435
ave,2.28,qc,MPa,32.91228
ave,2.29,fs,MPa,0.1558005
ave,2.29,qc,MPa,33.30503
ave,2.3,fs,MPa,0.1608003
ave,2.3,qc,MPa,33.54405
ave,2.31,fs,MPa,0.1642716
ave,2.31,qc,MPa,33.7808
ave,2.32,fs,MPa,0.1657432
ave,2.32,qc,MPa,33.98277
ave,2.33,fs,MPa,0.1679285
ave,2.33,qc,MPa,34.11504
ave,2.34,fs,MPa,0.1676423
ave,2.34,qc,MPa,34.2661
ave,2.35,fs,MPa,0.1650013
ave,2.35,qc,MPa,34.42976
ave,2.36,fs,MPa,0.1648834
ave,2.36,qc,MPa,34.61819
ave,2.37,fs,MPa,0.170625
ave,2.37,qc,MPa,34.9287
ave,2.38,fs,MPa,0.174
ave,2.38,qc,MPa,35.27057
ave,2.39,fs,MPa,0.1755251
ave,2.39,qc,MPa,35.91996
ave,2.4,fs,MPa,0.1770754
ave,2.4,qc,MPa,36.78847
ave,2.41,fs,MPa,0.1807005
ave,2.41,qc,MPa,37.98868
ave,2.42,fs,MPa,0.1723001
ave,2.42,qc,MPa,39.27997
ave,2.43,qc,MPa,40.33752
ave,2.44,qc,MPa,41.11981
ave,2.45,qc,MPa,41.87134
ave,2.46,qc,MPa,42.89496
ave,2.47,qc,MPa,43.6078
ave,2.48,qc,MPa,44.1809
ave,2.49,qc,MPa,43.9516
